2025-09-10T00:10:13.977-06:00  INFO 4512 --- [version_java] [restartedMain] c.version_java.VersionJavaApplication    : Starting VersionJavaApplication using Java 22 with PID 4512 (C:\Users\DELL\Desktop\clinica\version_java\build\classes\java\main started by DELL in C:\Users\DELL\Desktop\clinica\version_java)
2025-09-10T00:10:13.999-06:00  INFO 4512 --- [version_java] [restartedMain] c.version_java.VersionJavaApplication    : No active profile set, falling back to 1 default profile: "default"
2025-09-10T00:10:14.136-06:00  INFO 4512 --- [version_java] [restartedMain] .e.DevToolsPropertyDefaultsPostProcessor : Devtools property defaults active! Set 'spring.devtools.add-properties' to 'false' to disable
2025-09-10T00:10:14.136-06:00  INFO 4512 --- [version_java] [restartedMain] .e.DevToolsPropertyDefaultsPostProcessor : For additional web related logging consider setting the 'logging.level.web' property to 'DEBUG'
2025-09-10T00:10:16.895-06:00  INFO 4512 --- [version_java] [restartedMain] .s.d.r.c.RepositoryConfigurationDelegate : Bootstrapping Spring Data JPA repositories in DEFAULT mode.
2025-09-10T00:10:17.151-06:00  INFO 4512 --- [version_java] [restartedMain] .s.d.r.c.RepositoryConfigurationDelegate : Finished Spring Data repository scanning in 236 ms. Found 8 JPA repository interfaces.
2025-09-10T00:10:19.169-06:00  INFO 4512 --- [version_java] [restartedMain] o.s.b.w.embedded.tomcat.TomcatWebServer  : Tomcat initialized with port 8080 (http)
2025-09-10T00:10:19.257-06:00  INFO 4512 --- [version_java] [restartedMain] o.apache.catalina.core.StandardService   : Starting service [Tomcat]
2025-09-10T00:10:19.260-06:00  INFO 4512 --- [version_java] [restartedMain] o.apache.catalina.core.StandardEngine    : Starting Servlet engine: [Apache Tomcat/10.1.43]
2025-09-10T00:10:19.497-06:00  INFO 4512 --- [version_java] [restartedMain] o.a.c.c.C.[Tomcat].[localhost].[/]       : Initializing Spring embedded WebApplicationContext
2025-09-10T00:10:19.500-06:00  INFO 4512 --- [version_java] [restartedMain] w.s.c.ServletWebServerApplicationContext : Root WebApplicationContext: initialization completed in 5361 ms
2025-09-10T00:10:19.829-06:00  INFO 4512 --- [version_java] [restartedMain] o.hibernate.jpa.internal.util.LogHelper  : HHH000204: Processing PersistenceUnitInfo [name: default]
2025-09-10T00:10:19.937-06:00  INFO 4512 --- [version_java] [restartedMain] org.hibernate.Version                    : HHH000412: Hibernate ORM core version 6.6.22.Final
2025-09-10T00:10:20.024-06:00  INFO 4512 --- [version_java] [restartedMain] o.h.c.internal.RegionFactoryInitiator    : HHH000026: Second-level cache disabled
2025-09-10T00:10:20.504-06:00  INFO 4512 --- [version_java] [restartedMain] o.s.o.j.p.SpringPersistenceUnitInfo      : No LoadTimeWeaver setup: ignoring JPA class transformer
2025-09-10T00:10:20.547-06:00  INFO 4512 --- [version_java] [restartedMain] com.zaxxer.hikari.HikariDataSource       : HikariPool-1 - Starting...
2025-09-10T00:10:20.836-06:00  INFO 4512 --- [version_java] [restartedMain] com.zaxxer.hikari.pool.HikariPool        : HikariPool-1 - Added connection com.mysql.cj.jdbc.ConnectionImpl@7c84186d
2025-09-10T00:10:20.846-06:00  INFO 4512 --- [version_java] [restartedMain] com.zaxxer.hikari.HikariDataSource       : HikariPool-1 - Start completed.
2025-09-10T00:10:20.937-06:00  WARN 4512 --- [version_java] [restartedMain] org.hibernate.dialect.Dialect            : HHH000511: The 5.5.5 version for [org.hibernate.dialect.MySQLDialect] is no longer supported, hence certain features may not work properly. The minimum supported version is 8.0.0. Check the community dialects project for available legacy versions.
2025-09-10T00:10:20.954-06:00  WARN 4512 --- [version_java] [restartedMain] org.hibernate.orm.deprecation            : HHH90000025: MySQLDialect does not need to be specified explicitly using 'hibernate.dialect' (remove the property setting and it will be selected by default)
2025-09-10T00:10:20.994-06:00  INFO 4512 --- [version_java] [restartedMain] org.hibernate.orm.connections.pooling    : HHH10001005: Database info:
	Database JDBC URL [Connecting through datasource 'HikariDataSource (HikariPool-1)']
	Database driver: undefined/unknown
	Database version: 5.5.5
	Autocommit mode: undefined/unknown
	Isolation level: undefined/unknown
	Minimum pool size: undefined/unknown
	Maximum pool size: undefined/unknown
2025-09-10T00:10:23.024-06:00  INFO 4512 --- [version_java] [restartedMain] o.h.e.t.j.p.i.JtaPlatformInitiator       : HHH000489: No JTA platform available (set 'hibernate.transaction.jta.platform' to enable JTA platform integration)
2025-09-10T00:10:23.230-06:00  INFO 4512 --- [version_java] [restartedMain] j.LocalContainerEntityManagerFactoryBean : Initialized JPA EntityManagerFactory for persistence unit 'default'
2025-09-10T00:10:24.067-06:00  INFO 4512 --- [version_java] [restartedMain] o.s.d.j.r.query.QueryEnhancerFactory     : Hibernate is in classpath; If applicable, HQL parser will be used.
2025-09-10T00:10:25.073-06:00  INFO 4512 --- [version_java] [restartedMain] r$InitializeUserDetailsManagerConfigurer : Global AuthenticationManager configured with UserDetailsService bean with name userDetailsServiceImpl
2025-09-10T00:10:25.271-06:00  WARN 4512 --- [version_java] [restartedMain] JpaBaseConfiguration$JpaWebConfiguration : spring.jpa.open-in-view is enabled by default. Therefore, database queries may be performed during view rendering. Explicitly configure spring.jpa.open-in-view to disable this warning
2025-09-10T00:10:26.134-06:00  INFO 4512 --- [version_java] [restartedMain] o.s.v.b.OptionalValidatorFactoryBean     : Failed to set up a Bean Validation provider: jakarta.validation.NoProviderFoundException: Unable to create a Configuration, because no Jakarta Bean Validation provider could be found. Add a provider like Hibernate Validator (RI) to your classpath.
2025-09-10T00:10:26.776-06:00  INFO 4512 --- [version_java] [restartedMain] o.s.b.d.a.OptionalLiveReloadServer       : LiveReload server is running on port 35729
2025-09-10T00:10:26.902-06:00  INFO 4512 --- [version_java] [restartedMain] o.s.b.w.embedded.tomcat.TomcatWebServer  : Tomcat started on port 8080 (http) with context path '/'
2025-09-10T00:10:26.927-06:00  INFO 4512 --- [version_java] [restartedMain] c.version_java.VersionJavaApplication    : Started VersionJavaApplication in 14.16 seconds (process running for 15.284)
2025-09-10T00:10:34.294-06:00  INFO 4512 --- [version_java] [http-nio-8080-exec-1] o.a.c.c.C.[Tomcat].[localhost].[/]       : Initializing Spring DispatcherServlet 'dispatcherServlet'
2025-09-10T00:10:34.294-06:00  INFO 4512 --- [version_java] [http-nio-8080-exec-1] o.s.web.servlet.DispatcherServlet        : Initializing Servlet 'dispatcherServlet'
2025-09-10T00:10:34.298-06:00  INFO 4512 --- [version_java] [http-nio-8080-exec-1] o.s.web.servlet.DispatcherServlet        : Completed initialization in 2 ms
2025-09-10T00:10:34.406-06:00  WARN 4512 --- [version_java] [http-nio-8080-exec-1] .w.s.m.s.DefaultHandlerExceptionResolver : Resolved [org.springframework.web.HttpRequestMethodNotSupportedException: Request method 'GET' is not supported]
2025-09-10T00:11:12.161-06:00  INFO 16316 --- [version_java] [restartedMain] c.version_java.VersionJavaApplication    : Starting VersionJavaApplication using Java 22 with PID 16316 (C:\Users\DELL\Desktop\clinica\version_java\build\classes\java\main started by DELL in C:\Users\DELL\Desktop\clinica\version_java)
2025-09-10T00:11:12.166-06:00  INFO 16316 --- [version_java] [restartedMain] c.version_java.VersionJavaApplication    : No active profile set, falling back to 1 default profile: "default"
2025-09-10T00:11:12.235-06:00  INFO 16316 --- [version_java] [restartedMain] .e.DevToolsPropertyDefaultsPostProcessor : Devtools property defaults active! Set 'spring.devtools.add-properties' to 'false' to disable
2025-09-10T00:11:12.235-06:00  INFO 16316 --- [version_java] [restartedMain] .e.DevToolsPropertyDefaultsPostProcessor : For additional web related logging consider setting the 'logging.level.web' property to 'DEBUG'
2025-09-10T00:11:13.646-06:00  INFO 16316 --- [version_java] [restartedMain] .s.d.r.c.RepositoryConfigurationDelegate : Bootstrapping Spring Data JPA repositories in DEFAULT mode.
2025-09-10T00:11:13.821-06:00  INFO 16316 --- [version_java] [restartedMain] .s.d.r.c.RepositoryConfigurationDelegate : Finished Spring Data repository scanning in 162 ms. Found 8 JPA repository interfaces.
2025-09-10T00:11:15.493-06:00  INFO 16316 --- [version_java] [restartedMain] o.s.b.w.embedded.tomcat.TomcatWebServer  : Tomcat initialized with port 8080 (http)
2025-09-10T00:11:15.529-06:00  INFO 16316 --- [version_java] [restartedMain] o.apache.catalina.core.StandardService   : Starting service [Tomcat]
2025-09-10T00:11:15.531-06:00  INFO 16316 --- [version_java] [restartedMain] o.apache.catalina.core.StandardEngine    : Starting Servlet engine: [Apache Tomcat/10.1.43]
2025-09-10T00:11:15.667-06:00  INFO 16316 --- [version_java] [restartedMain] o.a.c.c.C.[Tomcat].[localhost].[/]       : Initializing Spring embedded WebApplicationContext
2025-09-10T00:11:15.668-06:00  INFO 16316 --- [version_java] [restartedMain] w.s.c.ServletWebServerApplicationContext : Root WebApplicationContext: initialization completed in 3433 ms
2025-09-10T00:11:16.074-06:00  INFO 16316 --- [version_java] [restartedMain] o.hibernate.jpa.internal.util.LogHelper  : HHH000204: Processing PersistenceUnitInfo [name: default]
2025-09-10T00:11:16.221-06:00  INFO 16316 --- [version_java] [restartedMain] org.hibernate.Version                    : HHH000412: Hibernate ORM core version 6.6.22.Final
2025-09-10T00:11:16.278-06:00  INFO 16316 --- [version_java] [restartedMain] o.h.c.internal.RegionFactoryInitiator    : HHH000026: Second-level cache disabled
2025-09-10T00:11:16.814-06:00  INFO 16316 --- [version_java] [restartedMain] o.s.o.j.p.SpringPersistenceUnitInfo      : No LoadTimeWeaver setup: ignoring JPA class transformer
2025-09-10T00:11:16.901-06:00  INFO 16316 --- [version_java] [restartedMain] com.zaxxer.hikari.HikariDataSource       : HikariPool-1 - Starting...
2025-09-10T00:11:17.179-06:00  INFO 16316 --- [version_java] [restartedMain] com.zaxxer.hikari.pool.HikariPool        : HikariPool-1 - Added connection com.mysql.cj.jdbc.ConnectionImpl@69526eee
2025-09-10T00:11:17.182-06:00  INFO 16316 --- [version_java] [restartedMain] com.zaxxer.hikari.HikariDataSource       : HikariPool-1 - Start completed.
2025-09-10T00:11:17.259-06:00  WARN 16316 --- [version_java] [restartedMain] org.hibernate.dialect.Dialect            : HHH000511: The 5.5.5 version for [org.hibernate.dialect.MySQLDialect] is no longer supported, hence certain features may not work properly. The minimum supported version is 8.0.0. Check the community dialects project for available legacy versions.
2025-09-10T00:11:17.264-06:00  WARN 16316 --- [version_java] [restartedMain] org.hibernate.orm.deprecation            : HHH90000025: MySQLDialect does not need to be specified explicitly using 'hibernate.dialect' (remove the property setting and it will be selected by default)
2025-09-10T00:11:17.292-06:00  INFO 16316 --- [version_java] [restartedMain] org.hibernate.orm.connections.pooling    : HHH10001005: Database info:
	Database JDBC URL [Connecting through datasource 'HikariDataSource (HikariPool-1)']
	Database driver: undefined/unknown
	Database version: 5.5.5
	Autocommit mode: undefined/unknown
	Isolation level: undefined/unknown
	Minimum pool size: undefined/unknown
	Maximum pool size: undefined/unknown
2025-09-10T00:11:18.856-06:00  INFO 16316 --- [version_java] [restartedMain] o.h.e.t.j.p.i.JtaPlatformInitiator       : HHH000489: No JTA platform available (set 'hibernate.transaction.jta.platform' to enable JTA platform integration)
2025-09-10T00:11:19.046-06:00  INFO 16316 --- [version_java] [restartedMain] j.LocalContainerEntityManagerFactoryBean : Initialized JPA EntityManagerFactory for persistence unit 'default'
2025-09-10T00:11:19.861-06:00  INFO 16316 --- [version_java] [restartedMain] o.s.d.j.r.query.QueryEnhancerFactory     : Hibernate is in classpath; If applicable, HQL parser will be used.
2025-09-10T00:11:20.660-06:00  INFO 16316 --- [version_java] [restartedMain] r$InitializeUserDetailsManagerConfigurer : Global AuthenticationManager configured with UserDetailsService bean with name userDetailsServiceImpl
2025-09-10T00:11:20.890-06:00  WARN 16316 --- [version_java] [restartedMain] JpaBaseConfiguration$JpaWebConfiguration : spring.jpa.open-in-view is enabled by default. Therefore, database queries may be performed during view rendering. Explicitly configure spring.jpa.open-in-view to disable this warning
2025-09-10T00:11:21.701-06:00  INFO 16316 --- [version_java] [restartedMain] o.s.v.b.OptionalValidatorFactoryBean     : Failed to set up a Bean Validation provider: jakarta.validation.NoProviderFoundException: Unable to create a Configuration, because no Jakarta Bean Validation provider could be found. Add a provider like Hibernate Validator (RI) to your classpath.
2025-09-10T00:11:22.138-06:00  INFO 16316 --- [version_java] [restartedMain] o.s.b.d.a.OptionalLiveReloadServer       : LiveReload server is running on port 35729
2025-09-10T00:11:22.187-06:00  INFO 16316 --- [version_java] [restartedMain] o.s.b.w.embedded.tomcat.TomcatWebServer  : Tomcat started on port 8080 (http) with context path '/'
2025-09-10T00:11:22.203-06:00  INFO 16316 --- [version_java] [restartedMain] c.version_java.VersionJavaApplication    : Started VersionJavaApplication in 10.957 seconds (process running for 11.813)
2025-09-10T00:11:28.420-06:00  INFO 16316 --- [version_java] [http-nio-8080-exec-1] o.a.c.c.C.[Tomcat].[localhost].[/]       : Initializing Spring DispatcherServlet 'dispatcherServlet'
2025-09-10T00:11:28.420-06:00  INFO 16316 --- [version_java] [http-nio-8080-exec-1] o.s.web.servlet.DispatcherServlet        : Initializing Servlet 'dispatcherServlet'
2025-09-10T00:11:28.424-06:00  INFO 16316 --- [version_java] [http-nio-8080-exec-1] o.s.web.servlet.DispatcherServlet        : Completed initialization in 3 ms
2025-09-10T00:11:28.503-06:00  WARN 16316 --- [version_java] [http-nio-8080-exec-1] .w.s.m.s.DefaultHandlerExceptionResolver : Resolved [org.springframework.web.HttpRequestMethodNotSupportedException: Request method 'GET' is not supported]
2025-09-10T00:14:08.476-06:00  INFO 9116 --- [version_java] [restartedMain] c.version_java.VersionJavaApplication    : Starting VersionJavaApplication using Java 22 with PID 9116 (C:\Users\DELL\Desktop\clinica\version_java\build\classes\java\main started by DELL in C:\Users\DELL\Desktop\clinica\version_java)
2025-09-10T00:14:08.476-06:00  INFO 9116 --- [version_java] [restartedMain] c.version_java.VersionJavaApplication    : No active profile set, falling back to 1 default profile: "default"
2025-09-10T00:14:08.571-06:00  INFO 9116 --- [version_java] [restartedMain] .e.DevToolsPropertyDefaultsPostProcessor : Devtools property defaults active! Set 'spring.devtools.add-properties' to 'false' to disable
2025-09-10T00:14:08.571-06:00  INFO 9116 --- [version_java] [restartedMain] .e.DevToolsPropertyDefaultsPostProcessor : For additional web related logging consider setting the 'logging.level.web' property to 'DEBUG'
2025-09-10T00:14:10.195-06:00  INFO 9116 --- [version_java] [restartedMain] .s.d.r.c.RepositoryConfigurationDelegate : Bootstrapping Spring Data JPA repositories in DEFAULT mode.
2025-09-10T00:14:10.409-06:00  INFO 9116 --- [version_java] [restartedMain] .s.d.r.c.RepositoryConfigurationDelegate : Finished Spring Data repository scanning in 197 ms. Found 8 JPA repository interfaces.
2025-09-10T00:14:11.619-06:00  INFO 9116 --- [version_java] [restartedMain] o.s.b.w.embedded.tomcat.TomcatWebServer  : Tomcat initialized with port 8080 (http)
2025-09-10T00:14:11.636-06:00  INFO 9116 --- [version_java] [restartedMain] o.apache.catalina.core.StandardService   : Starting service [Tomcat]
2025-09-10T00:14:11.636-06:00  INFO 9116 --- [version_java] [restartedMain] o.apache.catalina.core.StandardEngine    : Starting Servlet engine: [Apache Tomcat/10.1.43]
2025-09-10T00:14:11.726-06:00  INFO 9116 --- [version_java] [restartedMain] o.a.c.c.C.[Tomcat].[localhost].[/]       : Initializing Spring embedded WebApplicationContext
2025-09-10T00:14:11.727-06:00  INFO 9116 --- [version_java] [restartedMain] w.s.c.ServletWebServerApplicationContext : Root WebApplicationContext: initialization completed in 3151 ms
2025-09-10T00:14:12.070-06:00  INFO 9116 --- [version_java] [restartedMain] o.hibernate.jpa.internal.util.LogHelper  : HHH000204: Processing PersistenceUnitInfo [name: default]
2025-09-10T00:14:12.185-06:00  INFO 9116 --- [version_java] [restartedMain] org.hibernate.Version                    : HHH000412: Hibernate ORM core version 6.6.22.Final
2025-09-10T00:14:12.234-06:00  INFO 9116 --- [version_java] [restartedMain] o.h.c.internal.RegionFactoryInitiator    : HHH000026: Second-level cache disabled
2025-09-10T00:14:12.723-06:00  INFO 9116 --- [version_java] [restartedMain] o.s.o.j.p.SpringPersistenceUnitInfo      : No LoadTimeWeaver setup: ignoring JPA class transformer
2025-09-10T00:14:12.772-06:00  INFO 9116 --- [version_java] [restartedMain] com.zaxxer.hikari.HikariDataSource       : HikariPool-1 - Starting...
2025-09-10T00:14:13.110-06:00  INFO 9116 --- [version_java] [restartedMain] com.zaxxer.hikari.pool.HikariPool        : HikariPool-1 - Added connection com.mysql.cj.jdbc.ConnectionImpl@60b3003c
2025-09-10T00:14:13.117-06:00  INFO 9116 --- [version_java] [restartedMain] com.zaxxer.hikari.HikariDataSource       : HikariPool-1 - Start completed.
2025-09-10T00:14:13.183-06:00  WARN 9116 --- [version_java] [restartedMain] org.hibernate.dialect.Dialect            : HHH000511: The 5.5.5 version for [org.hibernate.dialect.MySQLDialect] is no longer supported, hence certain features may not work properly. The minimum supported version is 8.0.0. Check the community dialects project for available legacy versions.
2025-09-10T00:14:13.191-06:00  WARN 9116 --- [version_java] [restartedMain] org.hibernate.orm.deprecation            : HHH90000025: MySQLDialect does not need to be specified explicitly using 'hibernate.dialect' (remove the property setting and it will be selected by default)
2025-09-10T00:14:13.217-06:00  INFO 9116 --- [version_java] [restartedMain] org.hibernate.orm.connections.pooling    : HHH10001005: Database info:
	Database JDBC URL [Connecting through datasource 'HikariDataSource (HikariPool-1)']
	Database driver: undefined/unknown
	Database version: 5.5.5
	Autocommit mode: undefined/unknown
	Isolation level: undefined/unknown
	Minimum pool size: undefined/unknown
	Maximum pool size: undefined/unknown
2025-09-10T00:14:14.930-06:00  INFO 9116 --- [version_java] [restartedMain] o.h.e.t.j.p.i.JtaPlatformInitiator       : HHH000489: No JTA platform available (set 'hibernate.transaction.jta.platform' to enable JTA platform integration)
2025-09-10T00:14:15.214-06:00  INFO 9116 --- [version_java] [restartedMain] j.LocalContainerEntityManagerFactoryBean : Initialized JPA EntityManagerFactory for persistence unit 'default'
2025-09-10T00:14:16.701-06:00  INFO 9116 --- [version_java] [restartedMain] o.s.d.j.r.query.QueryEnhancerFactory     : Hibernate is in classpath; If applicable, HQL parser will be used.
2025-09-10T00:14:18.091-06:00  INFO 9116 --- [version_java] [restartedMain] r$InitializeUserDetailsManagerConfigurer : Global AuthenticationManager configured with UserDetailsService bean with name userDetailsServiceImpl
2025-09-10T00:14:18.443-06:00  WARN 9116 --- [version_java] [restartedMain] JpaBaseConfiguration$JpaWebConfiguration : spring.jpa.open-in-view is enabled by default. Therefore, database queries may be performed during view rendering. Explicitly configure spring.jpa.open-in-view to disable this warning
2025-09-10T00:14:19.549-06:00  INFO 9116 --- [version_java] [restartedMain] o.s.v.b.OptionalValidatorFactoryBean     : Failed to set up a Bean Validation provider: jakarta.validation.NoProviderFoundException: Unable to create a Configuration, because no Jakarta Bean Validation provider could be found. Add a provider like Hibernate Validator (RI) to your classpath.
2025-09-10T00:14:20.258-06:00  INFO 9116 --- [version_java] [restartedMain] o.s.b.d.a.OptionalLiveReloadServer       : LiveReload server is running on port 35729
2025-09-10T00:14:20.362-06:00  INFO 9116 --- [version_java] [restartedMain] o.s.b.w.embedded.tomcat.TomcatWebServer  : Tomcat started on port 8080 (http) with context path '/'
2025-09-10T00:14:20.394-06:00  INFO 9116 --- [version_java] [restartedMain] c.version_java.VersionJavaApplication    : Started VersionJavaApplication in 12.877 seconds (process running for 13.743)
2025-09-10T00:14:39.189-06:00  INFO 9116 --- [version_java] [http-nio-8080-exec-1] o.a.c.c.C.[Tomcat].[localhost].[/]       : Initializing Spring DispatcherServlet 'dispatcherServlet'
2025-09-10T00:14:39.191-06:00  INFO 9116 --- [version_java] [http-nio-8080-exec-1] o.s.web.servlet.DispatcherServlet        : Initializing Servlet 'dispatcherServlet'
2025-09-10T00:14:39.191-06:00  INFO 9116 --- [version_java] [http-nio-8080-exec-1] o.s.web.servlet.DispatcherServlet        : Completed initialization in 0 ms
2025-09-10T00:14:39.265-06:00  WARN 9116 --- [version_java] [http-nio-8080-exec-1] .w.s.m.s.DefaultHandlerExceptionResolver : Resolved [org.springframework.web.HttpRequestMethodNotSupportedException: Request method 'GET' is not supported]
2025-09-10T00:15:37.956-06:00  INFO 14648 --- [version_java] [restartedMain] c.version_java.VersionJavaApplication    : Starting VersionJavaApplication using Java 22 with PID 14648 (C:\Users\DELL\Desktop\clinica\version_java\build\classes\java\main started by DELL in C:\Users\DELL\Desktop\clinica\version_java)
2025-09-10T00:15:37.962-06:00  INFO 14648 --- [version_java] [restartedMain] c.version_java.VersionJavaApplication    : No active profile set, falling back to 1 default profile: "default"
2025-09-10T00:15:38.044-06:00  INFO 14648 --- [version_java] [restartedMain] .e.DevToolsPropertyDefaultsPostProcessor : Devtools property defaults active! Set 'spring.devtools.add-properties' to 'false' to disable
2025-09-10T00:15:38.045-06:00  INFO 14648 --- [version_java] [restartedMain] .e.DevToolsPropertyDefaultsPostProcessor : For additional web related logging consider setting the 'logging.level.web' property to 'DEBUG'
2025-09-10T00:15:39.413-06:00  INFO 14648 --- [version_java] [restartedMain] .s.d.r.c.RepositoryConfigurationDelegate : Bootstrapping Spring Data JPA repositories in DEFAULT mode.
2025-09-10T00:15:39.582-06:00  INFO 14648 --- [version_java] [restartedMain] .s.d.r.c.RepositoryConfigurationDelegate : Finished Spring Data repository scanning in 155 ms. Found 8 JPA repository interfaces.
2025-09-10T00:15:40.492-06:00  INFO 14648 --- [version_java] [restartedMain] o.s.b.w.embedded.tomcat.TomcatWebServer  : Tomcat initialized with port 8080 (http)
2025-09-10T00:15:40.518-06:00  INFO 14648 --- [version_java] [restartedMain] o.apache.catalina.core.StandardService   : Starting service [Tomcat]
2025-09-10T00:15:40.524-06:00  INFO 14648 --- [version_java] [restartedMain] o.apache.catalina.core.StandardEngine    : Starting Servlet engine: [Apache Tomcat/10.1.43]
2025-09-10T00:15:40.607-06:00  INFO 14648 --- [version_java] [restartedMain] o.a.c.c.C.[Tomcat].[localhost].[/]       : Initializing Spring embedded WebApplicationContext
2025-09-10T00:15:40.607-06:00  INFO 14648 --- [version_java] [restartedMain] w.s.c.ServletWebServerApplicationContext : Root WebApplicationContext: initialization completed in 2561 ms
2025-09-10T00:15:40.836-06:00  INFO 14648 --- [version_java] [restartedMain] o.hibernate.jpa.internal.util.LogHelper  : HHH000204: Processing PersistenceUnitInfo [name: default]
2025-09-10T00:15:40.909-06:00  INFO 14648 --- [version_java] [restartedMain] org.hibernate.Version                    : HHH000412: Hibernate ORM core version 6.6.22.Final
2025-09-10T00:15:40.967-06:00  INFO 14648 --- [version_java] [restartedMain] o.h.c.internal.RegionFactoryInitiator    : HHH000026: Second-level cache disabled
2025-09-10T00:15:41.490-06:00  INFO 14648 --- [version_java] [restartedMain] o.s.o.j.p.SpringPersistenceUnitInfo      : No LoadTimeWeaver setup: ignoring JPA class transformer
2025-09-10T00:15:41.592-06:00  INFO 14648 --- [version_java] [restartedMain] com.zaxxer.hikari.HikariDataSource       : HikariPool-1 - Starting...
2025-09-10T00:15:41.835-06:00  INFO 14648 --- [version_java] [restartedMain] com.zaxxer.hikari.pool.HikariPool        : HikariPool-1 - Added connection com.mysql.cj.jdbc.ConnectionImpl@4d1db251
2025-09-10T00:15:41.838-06:00  INFO 14648 --- [version_java] [restartedMain] com.zaxxer.hikari.HikariDataSource       : HikariPool-1 - Start completed.
2025-09-10T00:15:41.902-06:00  WARN 14648 --- [version_java] [restartedMain] org.hibernate.dialect.Dialect            : HHH000511: The 5.5.5 version for [org.hibernate.dialect.MySQLDialect] is no longer supported, hence certain features may not work properly. The minimum supported version is 8.0.0. Check the community dialects project for available legacy versions.
2025-09-10T00:15:41.908-06:00  WARN 14648 --- [version_java] [restartedMain] org.hibernate.orm.deprecation            : HHH90000025: MySQLDialect does not need to be specified explicitly using 'hibernate.dialect' (remove the property setting and it will be selected by default)
2025-09-10T00:15:41.937-06:00  INFO 14648 --- [version_java] [restartedMain] org.hibernate.orm.connections.pooling    : HHH10001005: Database info:
	Database JDBC URL [Connecting through datasource 'HikariDataSource (HikariPool-1)']
	Database driver: undefined/unknown
	Database version: 5.5.5
	Autocommit mode: undefined/unknown
	Isolation level: undefined/unknown
	Minimum pool size: undefined/unknown
	Maximum pool size: undefined/unknown
2025-09-10T00:15:43.823-06:00  INFO 14648 --- [version_java] [restartedMain] o.h.e.t.j.p.i.JtaPlatformInitiator       : HHH000489: No JTA platform available (set 'hibernate.transaction.jta.platform' to enable JTA platform integration)
2025-09-10T00:15:44.067-06:00  INFO 14648 --- [version_java] [restartedMain] j.LocalContainerEntityManagerFactoryBean : Initialized JPA EntityManagerFactory for persistence unit 'default'
2025-09-10T00:15:45.064-06:00  INFO 14648 --- [version_java] [restartedMain] o.s.d.j.r.query.QueryEnhancerFactory     : Hibernate is in classpath; If applicable, HQL parser will be used.
2025-09-10T00:15:45.915-06:00  INFO 14648 --- [version_java] [restartedMain] r$InitializeUserDetailsManagerConfigurer : Global AuthenticationManager configured with UserDetailsService bean with name userDetailsServiceImpl
2025-09-10T00:15:46.142-06:00  WARN 14648 --- [version_java] [restartedMain] JpaBaseConfiguration$JpaWebConfiguration : spring.jpa.open-in-view is enabled by default. Therefore, database queries may be performed during view rendering. Explicitly configure spring.jpa.open-in-view to disable this warning
2025-09-10T00:15:47.002-06:00  INFO 14648 --- [version_java] [restartedMain] o.s.v.b.OptionalValidatorFactoryBean     : Failed to set up a Bean Validation provider: jakarta.validation.NoProviderFoundException: Unable to create a Configuration, because no Jakarta Bean Validation provider could be found. Add a provider like Hibernate Validator (RI) to your classpath.
2025-09-10T00:15:47.540-06:00  INFO 14648 --- [version_java] [restartedMain] o.s.b.d.a.OptionalLiveReloadServer       : LiveReload server is running on port 35729
2025-09-10T00:15:47.609-06:00  INFO 14648 --- [version_java] [restartedMain] o.s.b.w.embedded.tomcat.TomcatWebServer  : Tomcat started on port 8080 (http) with context path '/'
2025-09-10T00:15:47.625-06:00  INFO 14648 --- [version_java] [restartedMain] c.version_java.VersionJavaApplication    : Started VersionJavaApplication in 10.523 seconds (process running for 11.583)
2025-09-10T00:15:51.230-06:00  INFO 14648 --- [version_java] [http-nio-8080-exec-2] o.a.c.c.C.[Tomcat].[localhost].[/]       : Initializing Spring DispatcherServlet 'dispatcherServlet'
2025-09-10T00:15:51.231-06:00  INFO 14648 --- [version_java] [http-nio-8080-exec-2] o.s.web.servlet.DispatcherServlet        : Initializing Servlet 'dispatcherServlet'
2025-09-10T00:15:51.238-06:00  INFO 14648 --- [version_java] [http-nio-8080-exec-2] o.s.web.servlet.DispatcherServlet        : Completed initialization in 5 ms
2025-09-10T00:15:51.388-06:00  WARN 14648 --- [version_java] [http-nio-8080-exec-2] .w.s.m.s.DefaultHandlerExceptionResolver : Resolved [org.springframework.web.HttpRequestMethodNotSupportedException: Request method 'GET' is not supported]
2025-09-10T00:15:55.452-06:00  WARN 14648 --- [version_java] [http-nio-8080-exec-4] .w.s.m.s.DefaultHandlerExceptionResolver : Resolved [org.springframework.web.HttpRequestMethodNotSupportedException: Request method 'GET' is not supported]
2025-09-10T00:17:39.515-06:00  INFO 3992 --- [version_java] [restartedMain] c.version_java.VersionJavaApplication    : Starting VersionJavaApplication using Java 22 with PID 3992 (C:\Users\DELL\Desktop\clinica\version_java\build\classes\java\main started by DELL in C:\Users\DELL\Desktop\clinica\version_java)
2025-09-10T00:17:39.520-06:00  INFO 3992 --- [version_java] [restartedMain] c.version_java.VersionJavaApplication    : No active profile set, falling back to 1 default profile: "default"
2025-09-10T00:17:39.595-06:00  INFO 3992 --- [version_java] [restartedMain] .e.DevToolsPropertyDefaultsPostProcessor : Devtools property defaults active! Set 'spring.devtools.add-properties' to 'false' to disable
2025-09-10T00:17:39.595-06:00  INFO 3992 --- [version_java] [restartedMain] .e.DevToolsPropertyDefaultsPostProcessor : For additional web related logging consider setting the 'logging.level.web' property to 'DEBUG'
2025-09-10T00:17:41.162-06:00  INFO 3992 --- [version_java] [restartedMain] .s.d.r.c.RepositoryConfigurationDelegate : Bootstrapping Spring Data JPA repositories in DEFAULT mode.
2025-09-10T00:17:41.339-06:00  INFO 3992 --- [version_java] [restartedMain] .s.d.r.c.RepositoryConfigurationDelegate : Finished Spring Data repository scanning in 161 ms. Found 8 JPA repository interfaces.
2025-09-10T00:17:42.766-06:00  INFO 3992 --- [version_java] [restartedMain] o.s.b.w.embedded.tomcat.TomcatWebServer  : Tomcat initialized with port 8080 (http)
2025-09-10T00:17:42.810-06:00  INFO 3992 --- [version_java] [restartedMain] o.apache.catalina.core.StandardService   : Starting service [Tomcat]
2025-09-10T00:17:42.810-06:00  INFO 3992 --- [version_java] [restartedMain] o.apache.catalina.core.StandardEngine    : Starting Servlet engine: [Apache Tomcat/10.1.43]
2025-09-10T00:17:42.889-06:00  INFO 3992 --- [version_java] [restartedMain] o.a.c.c.C.[Tomcat].[localhost].[/]       : Initializing Spring embedded WebApplicationContext
2025-09-10T00:17:42.889-06:00  INFO 3992 --- [version_java] [restartedMain] w.s.c.ServletWebServerApplicationContext : Root WebApplicationContext: initialization completed in 3292 ms
2025-09-10T00:17:43.358-06:00  INFO 3992 --- [version_java] [restartedMain] o.hibernate.jpa.internal.util.LogHelper  : HHH000204: Processing PersistenceUnitInfo [name: default]
2025-09-10T00:17:43.474-06:00  INFO 3992 --- [version_java] [restartedMain] org.hibernate.Version                    : HHH000412: Hibernate ORM core version 6.6.22.Final
2025-09-10T00:17:43.558-06:00  INFO 3992 --- [version_java] [restartedMain] o.h.c.internal.RegionFactoryInitiator    : HHH000026: Second-level cache disabled
2025-09-10T00:17:44.350-06:00  INFO 3992 --- [version_java] [restartedMain] o.s.o.j.p.SpringPersistenceUnitInfo      : No LoadTimeWeaver setup: ignoring JPA class transformer
2025-09-10T00:17:44.472-06:00  INFO 3992 --- [version_java] [restartedMain] com.zaxxer.hikari.HikariDataSource       : HikariPool-1 - Starting...
2025-09-10T00:17:45.004-06:00  INFO 3992 --- [version_java] [restartedMain] com.zaxxer.hikari.pool.HikariPool        : HikariPool-1 - Added connection com.mysql.cj.jdbc.ConnectionImpl@1d19e108
2025-09-10T00:17:45.009-06:00  INFO 3992 --- [version_java] [restartedMain] com.zaxxer.hikari.HikariDataSource       : HikariPool-1 - Start completed.
2025-09-10T00:17:45.102-06:00  WARN 3992 --- [version_java] [restartedMain] org.hibernate.dialect.Dialect            : HHH000511: The 5.5.5 version for [org.hibernate.dialect.MySQLDialect] is no longer supported, hence certain features may not work properly. The minimum supported version is 8.0.0. Check the community dialects project for available legacy versions.
2025-09-10T00:17:45.109-06:00  WARN 3992 --- [version_java] [restartedMain] org.hibernate.orm.deprecation            : HHH90000025: MySQLDialect does not need to be specified explicitly using 'hibernate.dialect' (remove the property setting and it will be selected by default)
2025-09-10T00:17:45.142-06:00  INFO 3992 --- [version_java] [restartedMain] org.hibernate.orm.connections.pooling    : HHH10001005: Database info:
	Database JDBC URL [Connecting through datasource 'HikariDataSource (HikariPool-1)']
	Database driver: undefined/unknown
	Database version: 5.5.5
	Autocommit mode: undefined/unknown
	Isolation level: undefined/unknown
	Minimum pool size: undefined/unknown
	Maximum pool size: undefined/unknown
2025-09-10T00:17:47.766-06:00  INFO 3992 --- [version_java] [restartedMain] o.h.e.t.j.p.i.JtaPlatformInitiator       : HHH000489: No JTA platform available (set 'hibernate.transaction.jta.platform' to enable JTA platform integration)
2025-09-10T00:17:48.024-06:00  INFO 3992 --- [version_java] [restartedMain] j.LocalContainerEntityManagerFactoryBean : Initialized JPA EntityManagerFactory for persistence unit 'default'
2025-09-10T00:17:48.896-06:00  INFO 3992 --- [version_java] [restartedMain] o.s.d.j.r.query.QueryEnhancerFactory     : Hibernate is in classpath; If applicable, HQL parser will be used.
2025-09-10T00:17:49.629-06:00  INFO 3992 --- [version_java] [restartedMain] r$InitializeUserDetailsManagerConfigurer : Global AuthenticationManager configured with UserDetailsService bean with name userDetailsServiceImpl
2025-09-10T00:17:49.902-06:00  WARN 3992 --- [version_java] [restartedMain] JpaBaseConfiguration$JpaWebConfiguration : spring.jpa.open-in-view is enabled by default. Therefore, database queries may be performed during view rendering. Explicitly configure spring.jpa.open-in-view to disable this warning
2025-09-10T00:17:50.544-06:00  INFO 3992 --- [version_java] [restartedMain] o.s.v.b.OptionalValidatorFactoryBean     : Failed to set up a Bean Validation provider: jakarta.validation.NoProviderFoundException: Unable to create a Configuration, because no Jakarta Bean Validation provider could be found. Add a provider like Hibernate Validator (RI) to your classpath.
2025-09-10T00:17:51.073-06:00  INFO 3992 --- [version_java] [restartedMain] o.s.b.d.a.OptionalLiveReloadServer       : LiveReload server is running on port 35729
2025-09-10T00:17:51.176-06:00  INFO 3992 --- [version_java] [restartedMain] o.s.b.w.embedded.tomcat.TomcatWebServer  : Tomcat started on port 8080 (http) with context path '/'
2025-09-10T00:17:51.203-06:00  INFO 3992 --- [version_java] [restartedMain] c.version_java.VersionJavaApplication    : Started VersionJavaApplication in 12.59 seconds (process running for 13.337)
2025-09-10T00:17:54.802-06:00  INFO 3992 --- [version_java] [http-nio-8080-exec-1] o.a.c.c.C.[Tomcat].[localhost].[/]       : Initializing Spring DispatcherServlet 'dispatcherServlet'
2025-09-10T00:17:54.802-06:00  INFO 3992 --- [version_java] [http-nio-8080-exec-1] o.s.web.servlet.DispatcherServlet        : Initializing Servlet 'dispatcherServlet'
2025-09-10T00:17:54.805-06:00  INFO 3992 --- [version_java] [http-nio-8080-exec-1] o.s.web.servlet.DispatcherServlet        : Completed initialization in 3 ms
2025-09-10T00:17:54.862-06:00  WARN 3992 --- [version_java] [http-nio-8080-exec-1] .w.s.m.s.DefaultHandlerExceptionResolver : Resolved [org.springframework.web.HttpRequestMethodNotSupportedException: Request method 'GET' is not supported]
2025-09-10T00:18:07.117-06:00  WARN 3992 --- [version_java] [http-nio-8080-exec-3] .c.j.MappingJackson2HttpMessageConverter : Failed to evaluate Jackson deserialization for type [[simple type, class clinica.version_java.usuarios_autenticacion.models.Usuarios]]: com.fasterxml.jackson.databind.exc.InvalidDefinitionException: Cannot handle managed/back reference 'defaultReference': no back reference property found from type `java.util.Set<clinica.version_java.personas.models.ContactoEmergencia>`
2025-09-10T00:18:07.138-06:00  WARN 3992 --- [version_java] [http-nio-8080-exec-3] .c.j.MappingJackson2HttpMessageConverter : Failed to evaluate Jackson deserialization for type [[simple type, class clinica.version_java.usuarios_autenticacion.models.Usuarios]]: com.fasterxml.jackson.databind.exc.InvalidDefinitionException: Cannot handle managed/back reference 'defaultReference': no back reference property found from type `java.util.Set<clinica.version_java.personas.models.ContactoEmergencia>`
2025-09-10T00:18:07.142-06:00  WARN 3992 --- [version_java] [http-nio-8080-exec-3] .w.s.m.s.DefaultHandlerExceptionResolver : Resolved [org.springframework.web.HttpMediaTypeNotSupportedException: Content-Type 'application/json;charset=UTF-8' is not supported]
2025-09-10T00:18:15.556-06:00  WARN 3992 --- [version_java] [http-nio-8080-exec-4] .c.j.MappingJackson2HttpMessageConverter : Failed to evaluate Jackson deserialization for type [[simple type, class clinica.version_java.usuarios_autenticacion.models.Usuarios]]: com.fasterxml.jackson.databind.exc.InvalidDefinitionException: Cannot handle managed/back reference 'defaultReference': no back reference property found from type `java.util.Set<clinica.version_java.personas.models.ContactoEmergencia>`
2025-09-10T00:18:15.562-06:00  WARN 3992 --- [version_java] [http-nio-8080-exec-4] .c.j.MappingJackson2HttpMessageConverter : Failed to evaluate Jackson deserialization for type [[simple type, class clinica.version_java.usuarios_autenticacion.models.Usuarios]]: com.fasterxml.jackson.databind.exc.InvalidDefinitionException: Cannot handle managed/back reference 'defaultReference': no back reference property found from type `java.util.Set<clinica.version_java.personas.models.ContactoEmergencia>`
2025-09-10T00:18:15.562-06:00  WARN 3992 --- [version_java] [http-nio-8080-exec-4] .w.s.m.s.DefaultHandlerExceptionResolver : Resolved [org.springframework.web.HttpMediaTypeNotSupportedException: Content-Type 'application/json;charset=UTF-8' is not supported]
2025-09-10T00:23:52.182-06:00  INFO 9844 --- [version_java] [restartedMain] c.version_java.VersionJavaApplication    : Starting VersionJavaApplication using Java 22 with PID 9844 (C:\Users\DELL\Desktop\clinica\version_java\build\classes\java\main started by DELL in C:\Users\DELL\Desktop\clinica\version_java)
2025-09-10T00:23:52.186-06:00  INFO 9844 --- [version_java] [restartedMain] c.version_java.VersionJavaApplication    : No active profile set, falling back to 1 default profile: "default"
2025-09-10T00:23:52.298-06:00  INFO 9844 --- [version_java] [restartedMain] .e.DevToolsPropertyDefaultsPostProcessor : Devtools property defaults active! Set 'spring.devtools.add-properties' to 'false' to disable
2025-09-10T00:23:52.300-06:00  INFO 9844 --- [version_java] [restartedMain] .e.DevToolsPropertyDefaultsPostProcessor : For additional web related logging consider setting the 'logging.level.web' property to 'DEBUG'
2025-09-10T00:23:54.376-06:00  INFO 9844 --- [version_java] [restartedMain] .s.d.r.c.RepositoryConfigurationDelegate : Bootstrapping Spring Data JPA repositories in DEFAULT mode.
2025-09-10T00:23:54.590-06:00  INFO 9844 --- [version_java] [restartedMain] .s.d.r.c.RepositoryConfigurationDelegate : Finished Spring Data repository scanning in 194 ms. Found 8 JPA repository interfaces.
2025-09-10T00:23:55.949-06:00  INFO 9844 --- [version_java] [restartedMain] o.s.b.w.embedded.tomcat.TomcatWebServer  : Tomcat initialized with port 8080 (http)
2025-09-10T00:23:55.977-06:00  INFO 9844 --- [version_java] [restartedMain] o.apache.catalina.core.StandardService   : Starting service [Tomcat]
2025-09-10T00:23:55.977-06:00  INFO 9844 --- [version_java] [restartedMain] o.apache.catalina.core.StandardEngine    : Starting Servlet engine: [Apache Tomcat/10.1.43]
2025-09-10T00:23:56.075-06:00  INFO 9844 --- [version_java] [restartedMain] o.a.c.c.C.[Tomcat].[localhost].[/]       : Initializing Spring embedded WebApplicationContext
2025-09-10T00:23:56.076-06:00  INFO 9844 --- [version_java] [restartedMain] w.s.c.ServletWebServerApplicationContext : Root WebApplicationContext: initialization completed in 3776 ms
2025-09-10T00:23:56.360-06:00  INFO 9844 --- [version_java] [restartedMain] o.hibernate.jpa.internal.util.LogHelper  : HHH000204: Processing PersistenceUnitInfo [name: default]
2025-09-10T00:23:56.434-06:00  INFO 9844 --- [version_java] [restartedMain] org.hibernate.Version                    : HHH000412: Hibernate ORM core version 6.6.22.Final
2025-09-10T00:23:56.495-06:00  INFO 9844 --- [version_java] [restartedMain] o.h.c.internal.RegionFactoryInitiator    : HHH000026: Second-level cache disabled
2025-09-10T00:23:56.997-06:00  INFO 9844 --- [version_java] [restartedMain] o.s.o.j.p.SpringPersistenceUnitInfo      : No LoadTimeWeaver setup: ignoring JPA class transformer
2025-09-10T00:23:57.037-06:00  INFO 9844 --- [version_java] [restartedMain] com.zaxxer.hikari.HikariDataSource       : HikariPool-1 - Starting...
2025-09-10T00:23:57.335-06:00  INFO 9844 --- [version_java] [restartedMain] com.zaxxer.hikari.pool.HikariPool        : HikariPool-1 - Added connection com.mysql.cj.jdbc.ConnectionImpl@2d5144cc
2025-09-10T00:23:57.339-06:00  INFO 9844 --- [version_java] [restartedMain] com.zaxxer.hikari.HikariDataSource       : HikariPool-1 - Start completed.
2025-09-10T00:23:57.435-06:00  WARN 9844 --- [version_java] [restartedMain] org.hibernate.dialect.Dialect            : HHH000511: The 5.5.5 version for [org.hibernate.dialect.MySQLDialect] is no longer supported, hence certain features may not work properly. The minimum supported version is 8.0.0. Check the community dialects project for available legacy versions.
2025-09-10T00:23:57.443-06:00  WARN 9844 --- [version_java] [restartedMain] org.hibernate.orm.deprecation            : HHH90000025: MySQLDialect does not need to be specified explicitly using 'hibernate.dialect' (remove the property setting and it will be selected by default)
2025-09-10T00:23:57.486-06:00  INFO 9844 --- [version_java] [restartedMain] org.hibernate.orm.connections.pooling    : HHH10001005: Database info:
	Database JDBC URL [Connecting through datasource 'HikariDataSource (HikariPool-1)']
	Database driver: undefined/unknown
	Database version: 5.5.5
	Autocommit mode: undefined/unknown
	Isolation level: undefined/unknown
	Minimum pool size: undefined/unknown
	Maximum pool size: undefined/unknown
2025-09-10T00:23:59.173-06:00  INFO 9844 --- [version_java] [restartedMain] o.h.e.t.j.p.i.JtaPlatformInitiator       : HHH000489: No JTA platform available (set 'hibernate.transaction.jta.platform' to enable JTA platform integration)
2025-09-10T00:23:59.368-06:00  INFO 9844 --- [version_java] [restartedMain] j.LocalContainerEntityManagerFactoryBean : Initialized JPA EntityManagerFactory for persistence unit 'default'
2025-09-10T00:24:00.168-06:00  INFO 9844 --- [version_java] [restartedMain] o.s.d.j.r.query.QueryEnhancerFactory     : Hibernate is in classpath; If applicable, HQL parser will be used.
2025-09-10T00:24:00.971-06:00  INFO 9844 --- [version_java] [restartedMain] r$InitializeUserDetailsManagerConfigurer : Global AuthenticationManager configured with UserDetailsService bean with name userDetailsServiceImpl
2025-09-10T00:24:01.154-06:00  WARN 9844 --- [version_java] [restartedMain] JpaBaseConfiguration$JpaWebConfiguration : spring.jpa.open-in-view is enabled by default. Therefore, database queries may be performed during view rendering. Explicitly configure spring.jpa.open-in-view to disable this warning
2025-09-10T00:24:01.804-06:00  INFO 9844 --- [version_java] [restartedMain] o.s.v.b.OptionalValidatorFactoryBean     : Failed to set up a Bean Validation provider: jakarta.validation.NoProviderFoundException: Unable to create a Configuration, because no Jakarta Bean Validation provider could be found. Add a provider like Hibernate Validator (RI) to your classpath.
2025-09-10T00:24:02.273-06:00  INFO 9844 --- [version_java] [restartedMain] o.s.b.d.a.OptionalLiveReloadServer       : LiveReload server is running on port 35729
2025-09-10T00:24:02.350-06:00  INFO 9844 --- [version_java] [restartedMain] o.s.b.w.embedded.tomcat.TomcatWebServer  : Tomcat started on port 8080 (http) with context path '/'
2025-09-10T00:24:02.372-06:00  INFO 9844 --- [version_java] [restartedMain] c.version_java.VersionJavaApplication    : Started VersionJavaApplication in 11.386 seconds (process running for 12.427)
2025-09-10T00:24:05.984-06:00  INFO 9844 --- [version_java] [http-nio-8080-exec-2] o.a.c.c.C.[Tomcat].[localhost].[/]       : Initializing Spring DispatcherServlet 'dispatcherServlet'
2025-09-10T00:24:05.985-06:00  INFO 9844 --- [version_java] [http-nio-8080-exec-2] o.s.web.servlet.DispatcherServlet        : Initializing Servlet 'dispatcherServlet'
2025-09-10T00:24:05.986-06:00  INFO 9844 --- [version_java] [http-nio-8080-exec-2] o.s.web.servlet.DispatcherServlet        : Completed initialization in 1 ms
2025-09-10T00:26:09.755-06:00  INFO 11036 --- [version_java] [restartedMain] c.version_java.VersionJavaApplication    : Starting VersionJavaApplication using Java 22 with PID 11036 (C:\Users\DELL\Desktop\clinica\version_java\build\classes\java\main started by DELL in C:\Users\DELL\Desktop\clinica\version_java)
2025-09-10T00:26:09.761-06:00  INFO 11036 --- [version_java] [restartedMain] c.version_java.VersionJavaApplication    : No active profile set, falling back to 1 default profile: "default"
2025-09-10T00:26:09.866-06:00  INFO 11036 --- [version_java] [restartedMain] .e.DevToolsPropertyDefaultsPostProcessor : Devtools property defaults active! Set 'spring.devtools.add-properties' to 'false' to disable
2025-09-10T00:26:09.866-06:00  INFO 11036 --- [version_java] [restartedMain] .e.DevToolsPropertyDefaultsPostProcessor : For additional web related logging consider setting the 'logging.level.web' property to 'DEBUG'
2025-09-10T00:26:12.131-06:00  INFO 11036 --- [version_java] [restartedMain] .s.d.r.c.RepositoryConfigurationDelegate : Bootstrapping Spring Data JPA repositories in DEFAULT mode.
2025-09-10T00:26:12.397-06:00  INFO 11036 --- [version_java] [restartedMain] .s.d.r.c.RepositoryConfigurationDelegate : Finished Spring Data repository scanning in 236 ms. Found 8 JPA repository interfaces.
2025-09-10T00:26:13.973-06:00  INFO 11036 --- [version_java] [restartedMain] o.s.b.w.embedded.tomcat.TomcatWebServer  : Tomcat initialized with port 8080 (http)
2025-09-10T00:26:13.999-06:00  INFO 11036 --- [version_java] [restartedMain] o.apache.catalina.core.StandardService   : Starting service [Tomcat]
2025-09-10T00:26:13.999-06:00  INFO 11036 --- [version_java] [restartedMain] o.apache.catalina.core.StandardEngine    : Starting Servlet engine: [Apache Tomcat/10.1.43]
2025-09-10T00:26:14.093-06:00  INFO 11036 --- [version_java] [restartedMain] o.a.c.c.C.[Tomcat].[localhost].[/]       : Initializing Spring embedded WebApplicationContext
2025-09-10T00:26:14.094-06:00  INFO 11036 --- [version_java] [restartedMain] w.s.c.ServletWebServerApplicationContext : Root WebApplicationContext: initialization completed in 4227 ms
2025-09-10T00:26:14.486-06:00  INFO 11036 --- [version_java] [restartedMain] o.hibernate.jpa.internal.util.LogHelper  : HHH000204: Processing PersistenceUnitInfo [name: default]
2025-09-10T00:26:14.670-06:00  INFO 11036 --- [version_java] [restartedMain] org.hibernate.Version                    : HHH000412: Hibernate ORM core version 6.6.22.Final
2025-09-10T00:26:14.803-06:00  INFO 11036 --- [version_java] [restartedMain] o.h.c.internal.RegionFactoryInitiator    : HHH000026: Second-level cache disabled
2025-09-10T00:26:15.750-06:00  INFO 11036 --- [version_java] [restartedMain] o.s.o.j.p.SpringPersistenceUnitInfo      : No LoadTimeWeaver setup: ignoring JPA class transformer
2025-09-10T00:26:15.832-06:00  INFO 11036 --- [version_java] [restartedMain] com.zaxxer.hikari.HikariDataSource       : HikariPool-1 - Starting...
2025-09-10T00:26:16.145-06:00  INFO 11036 --- [version_java] [restartedMain] com.zaxxer.hikari.pool.HikariPool        : HikariPool-1 - Added connection com.mysql.cj.jdbc.ConnectionImpl@466725b
2025-09-10T00:26:16.148-06:00  INFO 11036 --- [version_java] [restartedMain] com.zaxxer.hikari.HikariDataSource       : HikariPool-1 - Start completed.
2025-09-10T00:26:16.211-06:00  WARN 11036 --- [version_java] [restartedMain] org.hibernate.dialect.Dialect            : HHH000511: The 5.5.5 version for [org.hibernate.dialect.MySQLDialect] is no longer supported, hence certain features may not work properly. The minimum supported version is 8.0.0. Check the community dialects project for available legacy versions.
2025-09-10T00:26:16.217-06:00  WARN 11036 --- [version_java] [restartedMain] org.hibernate.orm.deprecation            : HHH90000025: MySQLDialect does not need to be specified explicitly using 'hibernate.dialect' (remove the property setting and it will be selected by default)
2025-09-10T00:26:16.244-06:00  INFO 11036 --- [version_java] [restartedMain] org.hibernate.orm.connections.pooling    : HHH10001005: Database info:
	Database JDBC URL [Connecting through datasource 'HikariDataSource (HikariPool-1)']
	Database driver: undefined/unknown
	Database version: 5.5.5
	Autocommit mode: undefined/unknown
	Isolation level: undefined/unknown
	Minimum pool size: undefined/unknown
	Maximum pool size: undefined/unknown
2025-09-10T00:26:18.594-06:00  INFO 11036 --- [version_java] [restartedMain] o.h.e.t.j.p.i.JtaPlatformInitiator       : HHH000489: No JTA platform available (set 'hibernate.transaction.jta.platform' to enable JTA platform integration)
2025-09-10T00:26:18.818-06:00  INFO 11036 --- [version_java] [restartedMain] j.LocalContainerEntityManagerFactoryBean : Initialized JPA EntityManagerFactory for persistence unit 'default'
2025-09-10T00:26:19.959-06:00  INFO 11036 --- [version_java] [restartedMain] o.s.d.j.r.query.QueryEnhancerFactory     : Hibernate is in classpath; If applicable, HQL parser will be used.
2025-09-10T00:26:20.906-06:00  INFO 11036 --- [version_java] [restartedMain] r$InitializeUserDetailsManagerConfigurer : Global AuthenticationManager configured with UserDetailsService bean with name userDetailsServiceImpl
2025-09-10T00:26:21.096-06:00  WARN 11036 --- [version_java] [restartedMain] JpaBaseConfiguration$JpaWebConfiguration : spring.jpa.open-in-view is enabled by default. Therefore, database queries may be performed during view rendering. Explicitly configure spring.jpa.open-in-view to disable this warning
2025-09-10T00:26:21.846-06:00  INFO 11036 --- [version_java] [restartedMain] o.s.v.b.OptionalValidatorFactoryBean     : Failed to set up a Bean Validation provider: jakarta.validation.NoProviderFoundException: Unable to create a Configuration, because no Jakarta Bean Validation provider could be found. Add a provider like Hibernate Validator (RI) to your classpath.
2025-09-10T00:26:22.321-06:00  INFO 11036 --- [version_java] [restartedMain] o.s.b.d.a.OptionalLiveReloadServer       : LiveReload server is running on port 35729
2025-09-10T00:26:22.376-06:00  INFO 11036 --- [version_java] [restartedMain] o.s.b.w.embedded.tomcat.TomcatWebServer  : Tomcat started on port 8080 (http) with context path '/'
2025-09-10T00:26:22.396-06:00  INFO 11036 --- [version_java] [restartedMain] c.version_java.VersionJavaApplication    : Started VersionJavaApplication in 13.697 seconds (process running for 14.678)
2025-09-10T00:26:27.091-06:00  INFO 11036 --- [version_java] [http-nio-8080-exec-2] o.a.c.c.C.[Tomcat].[localhost].[/]       : Initializing Spring DispatcherServlet 'dispatcherServlet'
2025-09-10T00:26:27.092-06:00  INFO 11036 --- [version_java] [http-nio-8080-exec-2] o.s.web.servlet.DispatcherServlet        : Initializing Servlet 'dispatcherServlet'
2025-09-10T00:26:27.095-06:00  INFO 11036 --- [version_java] [http-nio-8080-exec-2] o.s.web.servlet.DispatcherServlet        : Completed initialization in 3 ms
2025-09-10T00:28:43.085-06:00  INFO 15232 --- [version_java] [restartedMain] c.version_java.VersionJavaApplication    : Starting VersionJavaApplication using Java 22 with PID 15232 (C:\Users\DELL\Desktop\clinica\version_java\build\classes\java\main started by DELL in C:\Users\DELL\Desktop\clinica\version_java)
2025-09-10T00:28:43.112-06:00  INFO 15232 --- [version_java] [restartedMain] c.version_java.VersionJavaApplication    : No active profile set, falling back to 1 default profile: "default"
2025-09-10T00:28:43.222-06:00  INFO 15232 --- [version_java] [restartedMain] .e.DevToolsPropertyDefaultsPostProcessor : Devtools property defaults active! Set 'spring.devtools.add-properties' to 'false' to disable
2025-09-10T00:28:43.222-06:00  INFO 15232 --- [version_java] [restartedMain] .e.DevToolsPropertyDefaultsPostProcessor : For additional web related logging consider setting the 'logging.level.web' property to 'DEBUG'
2025-09-10T00:28:44.749-06:00  INFO 15232 --- [version_java] [restartedMain] .s.d.r.c.RepositoryConfigurationDelegate : Bootstrapping Spring Data JPA repositories in DEFAULT mode.
2025-09-10T00:28:44.905-06:00  INFO 15232 --- [version_java] [restartedMain] .s.d.r.c.RepositoryConfigurationDelegate : Finished Spring Data repository scanning in 142 ms. Found 8 JPA repository interfaces.
2025-09-10T00:28:46.414-06:00  INFO 15232 --- [version_java] [restartedMain] o.s.b.w.embedded.tomcat.TomcatWebServer  : Tomcat initialized with port 8080 (http)
2025-09-10T00:28:46.434-06:00  INFO 15232 --- [version_java] [restartedMain] o.apache.catalina.core.StandardService   : Starting service [Tomcat]
2025-09-10T00:28:46.435-06:00  INFO 15232 --- [version_java] [restartedMain] o.apache.catalina.core.StandardEngine    : Starting Servlet engine: [Apache Tomcat/10.1.43]
2025-09-10T00:28:46.517-06:00  INFO 15232 --- [version_java] [restartedMain] o.a.c.c.C.[Tomcat].[localhost].[/]       : Initializing Spring embedded WebApplicationContext
2025-09-10T00:28:46.518-06:00  INFO 15232 --- [version_java] [restartedMain] w.s.c.ServletWebServerApplicationContext : Root WebApplicationContext: initialization completed in 3295 ms
2025-09-10T00:28:46.760-06:00  INFO 15232 --- [version_java] [restartedMain] o.hibernate.jpa.internal.util.LogHelper  : HHH000204: Processing PersistenceUnitInfo [name: default]
2025-09-10T00:28:46.825-06:00  INFO 15232 --- [version_java] [restartedMain] org.hibernate.Version                    : HHH000412: Hibernate ORM core version 6.6.22.Final
2025-09-10T00:28:46.866-06:00  INFO 15232 --- [version_java] [restartedMain] o.h.c.internal.RegionFactoryInitiator    : HHH000026: Second-level cache disabled
2025-09-10T00:28:47.297-06:00  INFO 15232 --- [version_java] [restartedMain] o.s.o.j.p.SpringPersistenceUnitInfo      : No LoadTimeWeaver setup: ignoring JPA class transformer
2025-09-10T00:28:47.332-06:00  INFO 15232 --- [version_java] [restartedMain] com.zaxxer.hikari.HikariDataSource       : HikariPool-1 - Starting...
2025-09-10T00:28:47.572-06:00  INFO 15232 --- [version_java] [restartedMain] com.zaxxer.hikari.pool.HikariPool        : HikariPool-1 - Added connection com.mysql.cj.jdbc.ConnectionImpl@5f22998a
2025-09-10T00:28:47.575-06:00  INFO 15232 --- [version_java] [restartedMain] com.zaxxer.hikari.HikariDataSource       : HikariPool-1 - Start completed.
2025-09-10T00:28:47.624-06:00  WARN 15232 --- [version_java] [restartedMain] org.hibernate.dialect.Dialect            : HHH000511: The 5.5.5 version for [org.hibernate.dialect.MySQLDialect] is no longer supported, hence certain features may not work properly. The minimum supported version is 8.0.0. Check the community dialects project for available legacy versions.
2025-09-10T00:28:47.631-06:00  WARN 15232 --- [version_java] [restartedMain] org.hibernate.orm.deprecation            : HHH90000025: MySQLDialect does not need to be specified explicitly using 'hibernate.dialect' (remove the property setting and it will be selected by default)
2025-09-10T00:28:47.661-06:00  INFO 15232 --- [version_java] [restartedMain] org.hibernate.orm.connections.pooling    : HHH10001005: Database info:
	Database JDBC URL [Connecting through datasource 'HikariDataSource (HikariPool-1)']
	Database driver: undefined/unknown
	Database version: 5.5.5
	Autocommit mode: undefined/unknown
	Isolation level: undefined/unknown
	Minimum pool size: undefined/unknown
	Maximum pool size: undefined/unknown
2025-09-10T00:28:49.398-06:00  INFO 15232 --- [version_java] [restartedMain] o.h.e.t.j.p.i.JtaPlatformInitiator       : HHH000489: No JTA platform available (set 'hibernate.transaction.jta.platform' to enable JTA platform integration)
2025-09-10T00:28:49.577-06:00  INFO 15232 --- [version_java] [restartedMain] j.LocalContainerEntityManagerFactoryBean : Initialized JPA EntityManagerFactory for persistence unit 'default'
2025-09-10T00:28:50.382-06:00  INFO 15232 --- [version_java] [restartedMain] o.s.d.j.r.query.QueryEnhancerFactory     : Hibernate is in classpath; If applicable, HQL parser will be used.
2025-09-10T00:28:51.158-06:00  INFO 15232 --- [version_java] [restartedMain] r$InitializeUserDetailsManagerConfigurer : Global AuthenticationManager configured with UserDetailsService bean with name userDetailsServiceImpl
2025-09-10T00:28:51.344-06:00  WARN 15232 --- [version_java] [restartedMain] JpaBaseConfiguration$JpaWebConfiguration : spring.jpa.open-in-view is enabled by default. Therefore, database queries may be performed during view rendering. Explicitly configure spring.jpa.open-in-view to disable this warning
2025-09-10T00:28:52.244-06:00  INFO 15232 --- [version_java] [restartedMain] o.s.v.b.OptionalValidatorFactoryBean     : Failed to set up a Bean Validation provider: jakarta.validation.NoProviderFoundException: Unable to create a Configuration, because no Jakarta Bean Validation provider could be found. Add a provider like Hibernate Validator (RI) to your classpath.
2025-09-10T00:28:52.640-06:00  INFO 15232 --- [version_java] [restartedMain] o.s.b.d.a.OptionalLiveReloadServer       : LiveReload server is running on port 35729
2025-09-10T00:28:52.710-06:00  INFO 15232 --- [version_java] [restartedMain] o.s.b.w.embedded.tomcat.TomcatWebServer  : Tomcat started on port 8080 (http) with context path '/'
2025-09-10T00:28:52.734-06:00  INFO 15232 --- [version_java] [restartedMain] c.version_java.VersionJavaApplication    : Started VersionJavaApplication in 10.642 seconds (process running for 11.457)
2025-09-10T00:28:59.043-06:00  INFO 15232 --- [version_java] [http-nio-8080-exec-2] o.a.c.c.C.[Tomcat].[localhost].[/]       : Initializing Spring DispatcherServlet 'dispatcherServlet'
2025-09-10T00:28:59.043-06:00  INFO 15232 --- [version_java] [http-nio-8080-exec-2] o.s.web.servlet.DispatcherServlet        : Initializing Servlet 'dispatcherServlet'
2025-09-10T00:28:59.043-06:00  INFO 15232 --- [version_java] [http-nio-8080-exec-2] o.s.web.servlet.DispatcherServlet        : Completed initialization in 0 ms
2025-09-10T00:31:05.026-06:00  INFO 12224 --- [version_java] [restartedMain] c.version_java.VersionJavaApplication    : Starting VersionJavaApplication using Java 22 with PID 12224 (C:\Users\DELL\Desktop\clinica\version_java\build\classes\java\main started by DELL in C:\Users\DELL\Desktop\clinica\version_java)
2025-09-10T00:31:05.031-06:00  INFO 12224 --- [version_java] [restartedMain] c.version_java.VersionJavaApplication    : No active profile set, falling back to 1 default profile: "default"
2025-09-10T00:31:05.156-06:00  INFO 12224 --- [version_java] [restartedMain] .e.DevToolsPropertyDefaultsPostProcessor : Devtools property defaults active! Set 'spring.devtools.add-properties' to 'false' to disable
2025-09-10T00:31:05.156-06:00  INFO 12224 --- [version_java] [restartedMain] .e.DevToolsPropertyDefaultsPostProcessor : For additional web related logging consider setting the 'logging.level.web' property to 'DEBUG'
2025-09-10T00:31:06.997-06:00  INFO 12224 --- [version_java] [restartedMain] .s.d.r.c.RepositoryConfigurationDelegate : Bootstrapping Spring Data JPA repositories in DEFAULT mode.
2025-09-10T00:31:07.320-06:00  INFO 12224 --- [version_java] [restartedMain] .s.d.r.c.RepositoryConfigurationDelegate : Finished Spring Data repository scanning in 287 ms. Found 8 JPA repository interfaces.
2025-09-10T00:31:08.663-06:00  INFO 12224 --- [version_java] [restartedMain] o.s.b.w.embedded.tomcat.TomcatWebServer  : Tomcat initialized with port 8080 (http)
2025-09-10T00:31:08.688-06:00  INFO 12224 --- [version_java] [restartedMain] o.apache.catalina.core.StandardService   : Starting service [Tomcat]
2025-09-10T00:31:08.688-06:00  INFO 12224 --- [version_java] [restartedMain] o.apache.catalina.core.StandardEngine    : Starting Servlet engine: [Apache Tomcat/10.1.43]
2025-09-10T00:31:08.771-06:00  INFO 12224 --- [version_java] [restartedMain] o.a.c.c.C.[Tomcat].[localhost].[/]       : Initializing Spring embedded WebApplicationContext
2025-09-10T00:31:08.772-06:00  INFO 12224 --- [version_java] [restartedMain] w.s.c.ServletWebServerApplicationContext : Root WebApplicationContext: initialization completed in 3616 ms
2025-09-10T00:31:09.001-06:00  INFO 12224 --- [version_java] [restartedMain] o.hibernate.jpa.internal.util.LogHelper  : HHH000204: Processing PersistenceUnitInfo [name: default]
2025-09-10T00:31:09.069-06:00  INFO 12224 --- [version_java] [restartedMain] org.hibernate.Version                    : HHH000412: Hibernate ORM core version 6.6.22.Final
2025-09-10T00:31:09.113-06:00  INFO 12224 --- [version_java] [restartedMain] o.h.c.internal.RegionFactoryInitiator    : HHH000026: Second-level cache disabled
2025-09-10T00:31:09.628-06:00  INFO 12224 --- [version_java] [restartedMain] o.s.o.j.p.SpringPersistenceUnitInfo      : No LoadTimeWeaver setup: ignoring JPA class transformer
2025-09-10T00:31:09.668-06:00  INFO 12224 --- [version_java] [restartedMain] com.zaxxer.hikari.HikariDataSource       : HikariPool-1 - Starting...
2025-09-10T00:31:09.937-06:00  INFO 12224 --- [version_java] [restartedMain] com.zaxxer.hikari.pool.HikariPool        : HikariPool-1 - Added connection com.mysql.cj.jdbc.ConnectionImpl@1d19e108
2025-09-10T00:31:09.938-06:00  INFO 12224 --- [version_java] [restartedMain] com.zaxxer.hikari.HikariDataSource       : HikariPool-1 - Start completed.
2025-09-10T00:31:10.012-06:00  WARN 12224 --- [version_java] [restartedMain] org.hibernate.dialect.Dialect            : HHH000511: The 5.5.5 version for [org.hibernate.dialect.MySQLDialect] is no longer supported, hence certain features may not work properly. The minimum supported version is 8.0.0. Check the community dialects project for available legacy versions.
2025-09-10T00:31:10.020-06:00  WARN 12224 --- [version_java] [restartedMain] org.hibernate.orm.deprecation            : HHH90000025: MySQLDialect does not need to be specified explicitly using 'hibernate.dialect' (remove the property setting and it will be selected by default)
2025-09-10T00:31:10.058-06:00  INFO 12224 --- [version_java] [restartedMain] org.hibernate.orm.connections.pooling    : HHH10001005: Database info:
	Database JDBC URL [Connecting through datasource 'HikariDataSource (HikariPool-1)']
	Database driver: undefined/unknown
	Database version: 5.5.5
	Autocommit mode: undefined/unknown
	Isolation level: undefined/unknown
	Minimum pool size: undefined/unknown
	Maximum pool size: undefined/unknown
2025-09-10T00:31:12.289-06:00  INFO 12224 --- [version_java] [restartedMain] o.h.e.t.j.p.i.JtaPlatformInitiator       : HHH000489: No JTA platform available (set 'hibernate.transaction.jta.platform' to enable JTA platform integration)
2025-09-10T00:31:12.573-06:00  INFO 12224 --- [version_java] [restartedMain] j.LocalContainerEntityManagerFactoryBean : Initialized JPA EntityManagerFactory for persistence unit 'default'
2025-09-10T00:31:14.168-06:00  INFO 12224 --- [version_java] [restartedMain] o.s.d.j.r.query.QueryEnhancerFactory     : Hibernate is in classpath; If applicable, HQL parser will be used.
2025-09-10T00:31:15.933-06:00  INFO 12224 --- [version_java] [restartedMain] r$InitializeUserDetailsManagerConfigurer : Global AuthenticationManager configured with UserDetailsService bean with name userDetailsServiceImpl
2025-09-10T00:31:16.307-06:00  WARN 12224 --- [version_java] [restartedMain] JpaBaseConfiguration$JpaWebConfiguration : spring.jpa.open-in-view is enabled by default. Therefore, database queries may be performed during view rendering. Explicitly configure spring.jpa.open-in-view to disable this warning
2025-09-10T00:31:17.424-06:00  INFO 12224 --- [version_java] [restartedMain] o.s.v.b.OptionalValidatorFactoryBean     : Failed to set up a Bean Validation provider: jakarta.validation.NoProviderFoundException: Unable to create a Configuration, because no Jakarta Bean Validation provider could be found. Add a provider like Hibernate Validator (RI) to your classpath.
2025-09-10T00:31:18.042-06:00  INFO 12224 --- [version_java] [restartedMain] o.s.b.d.a.OptionalLiveReloadServer       : LiveReload server is running on port 35729
2025-09-10T00:31:18.131-06:00  INFO 12224 --- [version_java] [restartedMain] o.s.b.w.embedded.tomcat.TomcatWebServer  : Tomcat started on port 8080 (http) with context path '/'
2025-09-10T00:31:18.156-06:00  INFO 12224 --- [version_java] [restartedMain] c.version_java.VersionJavaApplication    : Started VersionJavaApplication in 14.273 seconds (process running for 15.2)
2025-09-10T00:31:21.584-06:00  INFO 12224 --- [version_java] [http-nio-8080-exec-2] o.a.c.c.C.[Tomcat].[localhost].[/]       : Initializing Spring DispatcherServlet 'dispatcherServlet'
2025-09-10T00:31:21.584-06:00  INFO 12224 --- [version_java] [http-nio-8080-exec-2] o.s.web.servlet.DispatcherServlet        : Initializing Servlet 'dispatcherServlet'
2025-09-10T00:31:21.586-06:00  INFO 12224 --- [version_java] [http-nio-8080-exec-2] o.s.web.servlet.DispatcherServlet        : Completed initialization in 2 ms
2025-09-10T00:31:22.012-06:00 ERROR 12224 --- [version_java] [http-nio-8080-exec-2] o.a.c.c.C.[.[.[/].[dispatcherServlet]    : Servlet.service() for servlet [dispatcherServlet] in context with path [] threw exception [Request processing failed: java.lang.NullPointerException: Cannot read field "nombres" because "persona" is null] with root cause

java.lang.NullPointerException: Cannot read field "nombres" because "persona" is null
	at clinica.version_java.personas.models.Persona.<init>(Persona.java:124) ~[main/:na]
	at clinica.version_java.usuarios_autenticacion.services.UsuarioService.crearUsuarios(UsuarioService.java:27) ~[main/:na]
	at clinica.version_java.usuarios_autenticacion.controllers.UsuarioController.crearUsuario(UsuarioController.java:26) ~[main/:na]
	at java.base/jdk.internal.reflect.DirectMethodHandleAccessor.invoke(DirectMethodHandleAccessor.java:103) ~[na:na]
	at java.base/java.lang.reflect.Method.invoke(Method.java:580) ~[na:na]
	at org.springframework.web.method.support.InvocableHandlerMethod.doInvoke(InvocableHandlerMethod.java:258) ~[spring-web-6.2.9.jar:6.2.9]
	at org.springframework.web.method.support.InvocableHandlerMethod.invokeForRequest(InvocableHandlerMethod.java:191) ~[spring-web-6.2.9.jar:6.2.9]
	at org.springframework.web.servlet.mvc.method.annotation.ServletInvocableHandlerMethod.invokeAndHandle(ServletInvocableHandlerMethod.java:118) ~[spring-webmvc-6.2.9.jar:6.2.9]
	at org.springframework.web.servlet.mvc.method.annotation.RequestMappingHandlerAdapter.invokeHandlerMethod(RequestMappingHandlerAdapter.java:991) ~[spring-webmvc-6.2.9.jar:6.2.9]
	at org.springframework.web.servlet.mvc.method.annotation.RequestMappingHandlerAdapter.handleInternal(RequestMappingHandlerAdapter.java:896) ~[spring-webmvc-6.2.9.jar:6.2.9]
	at org.springframework.web.servlet.mvc.method.AbstractHandlerMethodAdapter.handle(AbstractHandlerMethodAdapter.java:87) ~[spring-webmvc-6.2.9.jar:6.2.9]
	at org.springframework.web.servlet.DispatcherServlet.doDispatch(DispatcherServlet.java:1089) ~[spring-webmvc-6.2.9.jar:6.2.9]
	at org.springframework.web.servlet.DispatcherServlet.doService(DispatcherServlet.java:979) ~[spring-webmvc-6.2.9.jar:6.2.9]
	at org.springframework.web.servlet.FrameworkServlet.processRequest(FrameworkServlet.java:1014) ~[spring-webmvc-6.2.9.jar:6.2.9]
	at org.springframework.web.servlet.FrameworkServlet.doPost(FrameworkServlet.java:914) ~[spring-webmvc-6.2.9.jar:6.2.9]
	at jakarta.servlet.http.HttpServlet.service(HttpServlet.java:590) ~[tomcat-embed-core-10.1.43.jar:6.0]
	at org.springframework.web.servlet.FrameworkServlet.service(FrameworkServlet.java:885) ~[spring-webmvc-6.2.9.jar:6.2.9]
	at jakarta.servlet.http.HttpServlet.service(HttpServlet.java:658) ~[tomcat-embed-core-10.1.43.jar:6.0]
	at org.apache.catalina.core.ApplicationFilterChain.internalDoFilter(ApplicationFilterChain.java:195) ~[tomcat-embed-core-10.1.43.jar:10.1.43]
	at org.apache.catalina.core.ApplicationFilterChain.doFilter(ApplicationFilterChain.java:140) ~[tomcat-embed-core-10.1.43.jar:10.1.43]
	at org.apache.tomcat.websocket.server.WsFilter.doFilter(WsFilter.java:51) ~[tomcat-embed-websocket-10.1.43.jar:10.1.43]
	at org.apache.catalina.core.ApplicationFilterChain.internalDoFilter(ApplicationFilterChain.java:164) ~[tomcat-embed-core-10.1.43.jar:10.1.43]
	at org.apache.catalina.core.ApplicationFilterChain.doFilter(ApplicationFilterChain.java:140) ~[tomcat-embed-core-10.1.43.jar:10.1.43]
	at org.springframework.web.filter.OncePerRequestFilter.doFilter(OncePerRequestFilter.java:110) ~[spring-web-6.2.9.jar:6.2.9]
	at org.apache.catalina.core.ApplicationFilterChain.internalDoFilter(ApplicationFilterChain.java:164) ~[tomcat-embed-core-10.1.43.jar:10.1.43]
	at org.apache.catalina.core.ApplicationFilterChain.doFilter(ApplicationFilterChain.java:140) ~[tomcat-embed-core-10.1.43.jar:10.1.43]
	at org.springframework.web.filter.CompositeFilter$VirtualFilterChain.doFilter(CompositeFilter.java:108) ~[spring-web-6.2.9.jar:6.2.9]
	at org.springframework.web.filter.CompositeFilter$VirtualFilterChain.doFilter(CompositeFilter.java:108) ~[spring-web-6.2.9.jar:6.2.9]
	at org.springframework.security.web.FilterChainProxy.lambda$doFilterInternal$3(FilterChainProxy.java:231) ~[spring-security-web-6.5.2.jar:6.5.2]
	at org.springframework.security.web.FilterChainProxy$VirtualFilterChain.doFilter(FilterChainProxy.java:365) ~[spring-security-web-6.5.2.jar:6.5.2]
	at org.springframework.security.web.access.intercept.AuthorizationFilter.doFilter(AuthorizationFilter.java:101) ~[spring-security-web-6.5.2.jar:6.5.2]
	at org.springframework.security.web.FilterChainProxy$VirtualFilterChain.doFilter(FilterChainProxy.java:374) ~[spring-security-web-6.5.2.jar:6.5.2]
	at org.springframework.security.web.access.ExceptionTranslationFilter.doFilter(ExceptionTranslationFilter.java:125) ~[spring-security-web-6.5.2.jar:6.5.2]
	at org.springframework.security.web.access.ExceptionTranslationFilter.doFilter(ExceptionTranslationFilter.java:119) ~[spring-security-web-6.5.2.jar:6.5.2]
	at org.springframework.security.web.FilterChainProxy$VirtualFilterChain.doFilter(FilterChainProxy.java:374) ~[spring-security-web-6.5.2.jar:6.5.2]
	at org.springframework.security.web.session.SessionManagementFilter.doFilter(SessionManagementFilter.java:131) ~[spring-security-web-6.5.2.jar:6.5.2]
	at org.springframework.security.web.session.SessionManagementFilter.doFilter(SessionManagementFilter.java:85) ~[spring-security-web-6.5.2.jar:6.5.2]
	at org.springframework.security.web.FilterChainProxy$VirtualFilterChain.doFilter(FilterChainProxy.java:374) ~[spring-security-web-6.5.2.jar:6.5.2]
	at org.springframework.security.web.authentication.AnonymousAuthenticationFilter.doFilter(AnonymousAuthenticationFilter.java:100) ~[spring-security-web-6.5.2.jar:6.5.2]
	at org.springframework.security.web.FilterChainProxy$VirtualFilterChain.doFilter(FilterChainProxy.java:374) ~[spring-security-web-6.5.2.jar:6.5.2]
	at org.springframework.security.web.servletapi.SecurityContextHolderAwareRequestFilter.doFilter(SecurityContextHolderAwareRequestFilter.java:179) ~[spring-security-web-6.5.2.jar:6.5.2]
	at org.springframework.security.web.FilterChainProxy$VirtualFilterChain.doFilter(FilterChainProxy.java:374) ~[spring-security-web-6.5.2.jar:6.5.2]
	at org.springframework.security.web.savedrequest.RequestCacheAwareFilter.doFilter(RequestCacheAwareFilter.java:63) ~[spring-security-web-6.5.2.jar:6.5.2]
	at org.springframework.security.web.FilterChainProxy$VirtualFilterChain.doFilter(FilterChainProxy.java:374) ~[spring-security-web-6.5.2.jar:6.5.2]
	at clinica.version_java.usuarios_autenticacion.config.JwtFilter.doFilterInternal(JwtFilter.java:56) ~[main/:na]
	at org.springframework.web.filter.OncePerRequestFilter.doFilter(OncePerRequestFilter.java:116) ~[spring-web-6.2.9.jar:6.2.9]
	at org.springframework.security.web.FilterChainProxy$VirtualFilterChain.doFilter(FilterChainProxy.java:374) ~[spring-security-web-6.5.2.jar:6.5.2]
	at org.springframework.security.web.authentication.logout.LogoutFilter.doFilter(LogoutFilter.java:107) ~[spring-security-web-6.5.2.jar:6.5.2]
	at org.springframework.security.web.authentication.logout.LogoutFilter.doFilter(LogoutFilter.java:93) ~[spring-security-web-6.5.2.jar:6.5.2]
	at org.springframework.security.web.FilterChainProxy$VirtualFilterChain.doFilter(FilterChainProxy.java:374) ~[spring-security-web-6.5.2.jar:6.5.2]
	at org.springframework.security.web.header.HeaderWriterFilter.doHeadersAfter(HeaderWriterFilter.java:90) ~[spring-security-web-6.5.2.jar:6.5.2]
	at org.springframework.security.web.header.HeaderWriterFilter.doFilterInternal(HeaderWriterFilter.java:75) ~[spring-security-web-6.5.2.jar:6.5.2]
	at org.springframework.web.filter.OncePerRequestFilter.doFilter(OncePerRequestFilter.java:116) ~[spring-web-6.2.9.jar:6.2.9]
	at org.springframework.security.web.FilterChainProxy$VirtualFilterChain.doFilter(FilterChainProxy.java:374) ~[spring-security-web-6.5.2.jar:6.5.2]
	at org.springframework.security.web.context.SecurityContextHolderFilter.doFilter(SecurityContextHolderFilter.java:82) ~[spring-security-web-6.5.2.jar:6.5.2]
	at org.springframework.security.web.context.SecurityContextHolderFilter.doFilter(SecurityContextHolderFilter.java:69) ~[spring-security-web-6.5.2.jar:6.5.2]
	at org.springframework.security.web.FilterChainProxy$VirtualFilterChain.doFilter(FilterChainProxy.java:374) ~[spring-security-web-6.5.2.jar:6.5.2]
	at org.springframework.security.web.context.request.async.WebAsyncManagerIntegrationFilter.doFilterInternal(WebAsyncManagerIntegrationFilter.java:62) ~[spring-security-web-6.5.2.jar:6.5.2]
	at org.springframework.web.filter.OncePerRequestFilter.doFilter(OncePerRequestFilter.java:116) ~[spring-web-6.2.9.jar:6.2.9]
	at org.springframework.security.web.FilterChainProxy$VirtualFilterChain.doFilter(FilterChainProxy.java:374) ~[spring-security-web-6.5.2.jar:6.5.2]
	at org.springframework.security.web.session.DisableEncodeUrlFilter.doFilterInternal(DisableEncodeUrlFilter.java:42) ~[spring-security-web-6.5.2.jar:6.5.2]
	at org.springframework.web.filter.OncePerRequestFilter.doFilter(OncePerRequestFilter.java:116) ~[spring-web-6.2.9.jar:6.2.9]
	at org.springframework.security.web.FilterChainProxy$VirtualFilterChain.doFilter(FilterChainProxy.java:374) ~[spring-security-web-6.5.2.jar:6.5.2]
	at org.springframework.security.web.FilterChainProxy.doFilterInternal(FilterChainProxy.java:233) ~[spring-security-web-6.5.2.jar:6.5.2]
	at org.springframework.security.web.FilterChainProxy.doFilter(FilterChainProxy.java:191) ~[spring-security-web-6.5.2.jar:6.5.2]
	at org.springframework.web.filter.CompositeFilter$VirtualFilterChain.doFilter(CompositeFilter.java:113) ~[spring-web-6.2.9.jar:6.2.9]
	at org.springframework.web.filter.ServletRequestPathFilter.doFilter(ServletRequestPathFilter.java:52) ~[spring-web-6.2.9.jar:6.2.9]
	at org.springframework.web.filter.CompositeFilter$VirtualFilterChain.doFilter(CompositeFilter.java:113) ~[spring-web-6.2.9.jar:6.2.9]
	at org.springframework.web.filter.CompositeFilter.doFilter(CompositeFilter.java:74) ~[spring-web-6.2.9.jar:6.2.9]
	at org.springframework.security.config.annotation.web.configuration.WebSecurityConfiguration$CompositeFilterChainProxy.doFilter(WebSecurityConfiguration.java:319) ~[spring-security-config-6.5.2.jar:6.5.2]
	at org.springframework.web.filter.CompositeFilter$VirtualFilterChain.doFilter(CompositeFilter.java:113) ~[spring-web-6.2.9.jar:6.2.9]
	at org.springframework.web.servlet.handler.HandlerMappingIntrospector.lambda$createCacheFilter$4(HandlerMappingIntrospector.java:267) ~[spring-webmvc-6.2.9.jar:6.2.9]
	at org.springframework.web.filter.CompositeFilter$VirtualFilterChain.doFilter(CompositeFilter.java:113) ~[spring-web-6.2.9.jar:6.2.9]
	at org.springframework.web.filter.CompositeFilter.doFilter(CompositeFilter.java:74) ~[spring-web-6.2.9.jar:6.2.9]
	at org.springframework.security.config.annotation.web.configuration.WebMvcSecurityConfiguration$CompositeFilterChainProxy.doFilter(WebMvcSecurityConfiguration.java:240) ~[spring-security-config-6.5.2.jar:6.5.2]
	at org.springframework.web.filter.DelegatingFilterProxy.invokeDelegate(DelegatingFilterProxy.java:362) ~[spring-web-6.2.9.jar:6.2.9]
	at org.springframework.web.filter.DelegatingFilterProxy.doFilter(DelegatingFilterProxy.java:278) ~[spring-web-6.2.9.jar:6.2.9]
	at org.apache.catalina.core.ApplicationFilterChain.internalDoFilter(ApplicationFilterChain.java:164) ~[tomcat-embed-core-10.1.43.jar:10.1.43]
	at org.apache.catalina.core.ApplicationFilterChain.doFilter(ApplicationFilterChain.java:140) ~[tomcat-embed-core-10.1.43.jar:10.1.43]
	at org.springframework.web.filter.RequestContextFilter.doFilterInternal(RequestContextFilter.java:100) ~[spring-web-6.2.9.jar:6.2.9]
	at org.springframework.web.filter.OncePerRequestFilter.doFilter(OncePerRequestFilter.java:116) ~[spring-web-6.2.9.jar:6.2.9]
	at org.apache.catalina.core.ApplicationFilterChain.internalDoFilter(ApplicationFilterChain.java:164) ~[tomcat-embed-core-10.1.43.jar:10.1.43]
	at org.apache.catalina.core.ApplicationFilterChain.doFilter(ApplicationFilterChain.java:140) ~[tomcat-embed-core-10.1.43.jar:10.1.43]
	at org.springframework.web.filter.FormContentFilter.doFilterInternal(FormContentFilter.java:93) ~[spring-web-6.2.9.jar:6.2.9]
	at org.springframework.web.filter.OncePerRequestFilter.doFilter(OncePerRequestFilter.java:116) ~[spring-web-6.2.9.jar:6.2.9]
	at org.apache.catalina.core.ApplicationFilterChain.internalDoFilter(ApplicationFilterChain.java:164) ~[tomcat-embed-core-10.1.43.jar:10.1.43]
	at org.apache.catalina.core.ApplicationFilterChain.doFilter(ApplicationFilterChain.java:140) ~[tomcat-embed-core-10.1.43.jar:10.1.43]
	at org.springframework.web.filter.CharacterEncodingFilter.doFilterInternal(CharacterEncodingFilter.java:201) ~[spring-web-6.2.9.jar:6.2.9]
	at org.springframework.web.filter.OncePerRequestFilter.doFilter(OncePerRequestFilter.java:116) ~[spring-web-6.2.9.jar:6.2.9]
	at org.apache.catalina.core.ApplicationFilterChain.internalDoFilter(ApplicationFilterChain.java:164) ~[tomcat-embed-core-10.1.43.jar:10.1.43]
	at org.apache.catalina.core.ApplicationFilterChain.doFilter(ApplicationFilterChain.java:140) ~[tomcat-embed-core-10.1.43.jar:10.1.43]
	at org.apache.catalina.core.StandardWrapperValve.invoke(StandardWrapperValve.java:167) ~[tomcat-embed-core-10.1.43.jar:10.1.43]
	at org.apache.catalina.core.StandardContextValve.invoke(StandardContextValve.java:90) ~[tomcat-embed-core-10.1.43.jar:10.1.43]
	at org.apache.catalina.authenticator.AuthenticatorBase.invoke(AuthenticatorBase.java:483) ~[tomcat-embed-core-10.1.43.jar:10.1.43]
	at org.apache.catalina.core.StandardHostValve.invoke(StandardHostValve.java:116) ~[tomcat-embed-core-10.1.43.jar:10.1.43]
	at org.apache.catalina.valves.ErrorReportValve.invoke(ErrorReportValve.java:93) ~[tomcat-embed-core-10.1.43.jar:10.1.43]
	at org.apache.catalina.core.StandardEngineValve.invoke(StandardEngineValve.java:74) ~[tomcat-embed-core-10.1.43.jar:10.1.43]
	at org.apache.catalina.connector.CoyoteAdapter.service(CoyoteAdapter.java:344) ~[tomcat-embed-core-10.1.43.jar:10.1.43]
	at org.apache.coyote.http11.Http11Processor.service(Http11Processor.java:398) ~[tomcat-embed-core-10.1.43.jar:10.1.43]
	at org.apache.coyote.AbstractProcessorLight.process(AbstractProcessorLight.java:63) ~[tomcat-embed-core-10.1.43.jar:10.1.43]
	at org.apache.coyote.AbstractProtocol$ConnectionHandler.process(AbstractProtocol.java:903) ~[tomcat-embed-core-10.1.43.jar:10.1.43]
	at org.apache.tomcat.util.net.NioEndpoint$SocketProcessor.doRun(NioEndpoint.java:1769) ~[tomcat-embed-core-10.1.43.jar:10.1.43]
	at org.apache.tomcat.util.net.SocketProcessorBase.run(SocketProcessorBase.java:52) ~[tomcat-embed-core-10.1.43.jar:10.1.43]
	at org.apache.tomcat.util.threads.ThreadPoolExecutor.runWorker(ThreadPoolExecutor.java:1189) ~[tomcat-embed-core-10.1.43.jar:10.1.43]
	at org.apache.tomcat.util.threads.ThreadPoolExecutor$Worker.run(ThreadPoolExecutor.java:658) ~[tomcat-embed-core-10.1.43.jar:10.1.43]
	at org.apache.tomcat.util.threads.TaskThread$WrappingRunnable.run(TaskThread.java:63) ~[tomcat-embed-core-10.1.43.jar:10.1.43]
	at java.base/java.lang.Thread.run(Thread.java:1570) ~[na:na]

2025-09-10T00:31:27.947-06:00 ERROR 12224 --- [version_java] [http-nio-8080-exec-3] o.a.c.c.C.[.[.[/].[dispatcherServlet]    : Servlet.service() for servlet [dispatcherServlet] in context with path [] threw exception [Request processing failed: java.lang.NullPointerException: Cannot read field "nombres" because "persona" is null] with root cause

java.lang.NullPointerException: Cannot read field "nombres" because "persona" is null
	at clinica.version_java.personas.models.Persona.<init>(Persona.java:124) ~[main/:na]
	at clinica.version_java.usuarios_autenticacion.services.UsuarioService.crearUsuarios(UsuarioService.java:27) ~[main/:na]
	at clinica.version_java.usuarios_autenticacion.controllers.UsuarioController.crearUsuario(UsuarioController.java:26) ~[main/:na]
	at java.base/jdk.internal.reflect.DirectMethodHandleAccessor.invoke(DirectMethodHandleAccessor.java:103) ~[na:na]
	at java.base/java.lang.reflect.Method.invoke(Method.java:580) ~[na:na]
	at org.springframework.web.method.support.InvocableHandlerMethod.doInvoke(InvocableHandlerMethod.java:258) ~[spring-web-6.2.9.jar:6.2.9]
	at org.springframework.web.method.support.InvocableHandlerMethod.invokeForRequest(InvocableHandlerMethod.java:191) ~[spring-web-6.2.9.jar:6.2.9]
	at org.springframework.web.servlet.mvc.method.annotation.ServletInvocableHandlerMethod.invokeAndHandle(ServletInvocableHandlerMethod.java:118) ~[spring-webmvc-6.2.9.jar:6.2.9]
	at org.springframework.web.servlet.mvc.method.annotation.RequestMappingHandlerAdapter.invokeHandlerMethod(RequestMappingHandlerAdapter.java:991) ~[spring-webmvc-6.2.9.jar:6.2.9]
	at org.springframework.web.servlet.mvc.method.annotation.RequestMappingHandlerAdapter.handleInternal(RequestMappingHandlerAdapter.java:896) ~[spring-webmvc-6.2.9.jar:6.2.9]
	at org.springframework.web.servlet.mvc.method.AbstractHandlerMethodAdapter.handle(AbstractHandlerMethodAdapter.java:87) ~[spring-webmvc-6.2.9.jar:6.2.9]
	at org.springframework.web.servlet.DispatcherServlet.doDispatch(DispatcherServlet.java:1089) ~[spring-webmvc-6.2.9.jar:6.2.9]
	at org.springframework.web.servlet.DispatcherServlet.doService(DispatcherServlet.java:979) ~[spring-webmvc-6.2.9.jar:6.2.9]
	at org.springframework.web.servlet.FrameworkServlet.processRequest(FrameworkServlet.java:1014) ~[spring-webmvc-6.2.9.jar:6.2.9]
	at org.springframework.web.servlet.FrameworkServlet.doPost(FrameworkServlet.java:914) ~[spring-webmvc-6.2.9.jar:6.2.9]
	at jakarta.servlet.http.HttpServlet.service(HttpServlet.java:590) ~[tomcat-embed-core-10.1.43.jar:6.0]
	at org.springframework.web.servlet.FrameworkServlet.service(FrameworkServlet.java:885) ~[spring-webmvc-6.2.9.jar:6.2.9]
	at jakarta.servlet.http.HttpServlet.service(HttpServlet.java:658) ~[tomcat-embed-core-10.1.43.jar:6.0]
	at org.apache.catalina.core.ApplicationFilterChain.internalDoFilter(ApplicationFilterChain.java:195) ~[tomcat-embed-core-10.1.43.jar:10.1.43]
	at org.apache.catalina.core.ApplicationFilterChain.doFilter(ApplicationFilterChain.java:140) ~[tomcat-embed-core-10.1.43.jar:10.1.43]
	at org.apache.tomcat.websocket.server.WsFilter.doFilter(WsFilter.java:51) ~[tomcat-embed-websocket-10.1.43.jar:10.1.43]
	at org.apache.catalina.core.ApplicationFilterChain.internalDoFilter(ApplicationFilterChain.java:164) ~[tomcat-embed-core-10.1.43.jar:10.1.43]
	at org.apache.catalina.core.ApplicationFilterChain.doFilter(ApplicationFilterChain.java:140) ~[tomcat-embed-core-10.1.43.jar:10.1.43]
	at org.springframework.web.filter.OncePerRequestFilter.doFilter(OncePerRequestFilter.java:110) ~[spring-web-6.2.9.jar:6.2.9]
	at org.apache.catalina.core.ApplicationFilterChain.internalDoFilter(ApplicationFilterChain.java:164) ~[tomcat-embed-core-10.1.43.jar:10.1.43]
	at org.apache.catalina.core.ApplicationFilterChain.doFilter(ApplicationFilterChain.java:140) ~[tomcat-embed-core-10.1.43.jar:10.1.43]
	at org.springframework.web.filter.CompositeFilter$VirtualFilterChain.doFilter(CompositeFilter.java:108) ~[spring-web-6.2.9.jar:6.2.9]
	at org.springframework.web.filter.CompositeFilter$VirtualFilterChain.doFilter(CompositeFilter.java:108) ~[spring-web-6.2.9.jar:6.2.9]
	at org.springframework.security.web.FilterChainProxy.lambda$doFilterInternal$3(FilterChainProxy.java:231) ~[spring-security-web-6.5.2.jar:6.5.2]
	at org.springframework.security.web.FilterChainProxy$VirtualFilterChain.doFilter(FilterChainProxy.java:365) ~[spring-security-web-6.5.2.jar:6.5.2]
	at org.springframework.security.web.access.intercept.AuthorizationFilter.doFilter(AuthorizationFilter.java:101) ~[spring-security-web-6.5.2.jar:6.5.2]
	at org.springframework.security.web.FilterChainProxy$VirtualFilterChain.doFilter(FilterChainProxy.java:374) ~[spring-security-web-6.5.2.jar:6.5.2]
	at org.springframework.security.web.access.ExceptionTranslationFilter.doFilter(ExceptionTranslationFilter.java:125) ~[spring-security-web-6.5.2.jar:6.5.2]
	at org.springframework.security.web.access.ExceptionTranslationFilter.doFilter(ExceptionTranslationFilter.java:119) ~[spring-security-web-6.5.2.jar:6.5.2]
	at org.springframework.security.web.FilterChainProxy$VirtualFilterChain.doFilter(FilterChainProxy.java:374) ~[spring-security-web-6.5.2.jar:6.5.2]
	at org.springframework.security.web.session.SessionManagementFilter.doFilter(SessionManagementFilter.java:131) ~[spring-security-web-6.5.2.jar:6.5.2]
	at org.springframework.security.web.session.SessionManagementFilter.doFilter(SessionManagementFilter.java:85) ~[spring-security-web-6.5.2.jar:6.5.2]
	at org.springframework.security.web.FilterChainProxy$VirtualFilterChain.doFilter(FilterChainProxy.java:374) ~[spring-security-web-6.5.2.jar:6.5.2]
	at org.springframework.security.web.authentication.AnonymousAuthenticationFilter.doFilter(AnonymousAuthenticationFilter.java:100) ~[spring-security-web-6.5.2.jar:6.5.2]
	at org.springframework.security.web.FilterChainProxy$VirtualFilterChain.doFilter(FilterChainProxy.java:374) ~[spring-security-web-6.5.2.jar:6.5.2]
	at org.springframework.security.web.servletapi.SecurityContextHolderAwareRequestFilter.doFilter(SecurityContextHolderAwareRequestFilter.java:179) ~[spring-security-web-6.5.2.jar:6.5.2]
	at org.springframework.security.web.FilterChainProxy$VirtualFilterChain.doFilter(FilterChainProxy.java:374) ~[spring-security-web-6.5.2.jar:6.5.2]
	at org.springframework.security.web.savedrequest.RequestCacheAwareFilter.doFilter(RequestCacheAwareFilter.java:63) ~[spring-security-web-6.5.2.jar:6.5.2]
	at org.springframework.security.web.FilterChainProxy$VirtualFilterChain.doFilter(FilterChainProxy.java:374) ~[spring-security-web-6.5.2.jar:6.5.2]
	at clinica.version_java.usuarios_autenticacion.config.JwtFilter.doFilterInternal(JwtFilter.java:56) ~[main/:na]
	at org.springframework.web.filter.OncePerRequestFilter.doFilter(OncePerRequestFilter.java:116) ~[spring-web-6.2.9.jar:6.2.9]
	at org.springframework.security.web.FilterChainProxy$VirtualFilterChain.doFilter(FilterChainProxy.java:374) ~[spring-security-web-6.5.2.jar:6.5.2]
	at org.springframework.security.web.authentication.logout.LogoutFilter.doFilter(LogoutFilter.java:107) ~[spring-security-web-6.5.2.jar:6.5.2]
	at org.springframework.security.web.authentication.logout.LogoutFilter.doFilter(LogoutFilter.java:93) ~[spring-security-web-6.5.2.jar:6.5.2]
	at org.springframework.security.web.FilterChainProxy$VirtualFilterChain.doFilter(FilterChainProxy.java:374) ~[spring-security-web-6.5.2.jar:6.5.2]
	at org.springframework.security.web.header.HeaderWriterFilter.doHeadersAfter(HeaderWriterFilter.java:90) ~[spring-security-web-6.5.2.jar:6.5.2]
	at org.springframework.security.web.header.HeaderWriterFilter.doFilterInternal(HeaderWriterFilter.java:75) ~[spring-security-web-6.5.2.jar:6.5.2]
	at org.springframework.web.filter.OncePerRequestFilter.doFilter(OncePerRequestFilter.java:116) ~[spring-web-6.2.9.jar:6.2.9]
	at org.springframework.security.web.FilterChainProxy$VirtualFilterChain.doFilter(FilterChainProxy.java:374) ~[spring-security-web-6.5.2.jar:6.5.2]
	at org.springframework.security.web.context.SecurityContextHolderFilter.doFilter(SecurityContextHolderFilter.java:82) ~[spring-security-web-6.5.2.jar:6.5.2]
	at org.springframework.security.web.context.SecurityContextHolderFilter.doFilter(SecurityContextHolderFilter.java:69) ~[spring-security-web-6.5.2.jar:6.5.2]
	at org.springframework.security.web.FilterChainProxy$VirtualFilterChain.doFilter(FilterChainProxy.java:374) ~[spring-security-web-6.5.2.jar:6.5.2]
	at org.springframework.security.web.context.request.async.WebAsyncManagerIntegrationFilter.doFilterInternal(WebAsyncManagerIntegrationFilter.java:62) ~[spring-security-web-6.5.2.jar:6.5.2]
	at org.springframework.web.filter.OncePerRequestFilter.doFilter(OncePerRequestFilter.java:116) ~[spring-web-6.2.9.jar:6.2.9]
	at org.springframework.security.web.FilterChainProxy$VirtualFilterChain.doFilter(FilterChainProxy.java:374) ~[spring-security-web-6.5.2.jar:6.5.2]
	at org.springframework.security.web.session.DisableEncodeUrlFilter.doFilterInternal(DisableEncodeUrlFilter.java:42) ~[spring-security-web-6.5.2.jar:6.5.2]
	at org.springframework.web.filter.OncePerRequestFilter.doFilter(OncePerRequestFilter.java:116) ~[spring-web-6.2.9.jar:6.2.9]
	at org.springframework.security.web.FilterChainProxy$VirtualFilterChain.doFilter(FilterChainProxy.java:374) ~[spring-security-web-6.5.2.jar:6.5.2]
	at org.springframework.security.web.FilterChainProxy.doFilterInternal(FilterChainProxy.java:233) ~[spring-security-web-6.5.2.jar:6.5.2]
	at org.springframework.security.web.FilterChainProxy.doFilter(FilterChainProxy.java:191) ~[spring-security-web-6.5.2.jar:6.5.2]
	at org.springframework.web.filter.CompositeFilter$VirtualFilterChain.doFilter(CompositeFilter.java:113) ~[spring-web-6.2.9.jar:6.2.9]
	at org.springframework.web.filter.ServletRequestPathFilter.doFilter(ServletRequestPathFilter.java:52) ~[spring-web-6.2.9.jar:6.2.9]
	at org.springframework.web.filter.CompositeFilter$VirtualFilterChain.doFilter(CompositeFilter.java:113) ~[spring-web-6.2.9.jar:6.2.9]
	at org.springframework.web.filter.CompositeFilter.doFilter(CompositeFilter.java:74) ~[spring-web-6.2.9.jar:6.2.9]
	at org.springframework.security.config.annotation.web.configuration.WebSecurityConfiguration$CompositeFilterChainProxy.doFilter(WebSecurityConfiguration.java:319) ~[spring-security-config-6.5.2.jar:6.5.2]
	at org.springframework.web.filter.CompositeFilter$VirtualFilterChain.doFilter(CompositeFilter.java:113) ~[spring-web-6.2.9.jar:6.2.9]
	at org.springframework.web.servlet.handler.HandlerMappingIntrospector.lambda$createCacheFilter$4(HandlerMappingIntrospector.java:267) ~[spring-webmvc-6.2.9.jar:6.2.9]
	at org.springframework.web.filter.CompositeFilter$VirtualFilterChain.doFilter(CompositeFilter.java:113) ~[spring-web-6.2.9.jar:6.2.9]
	at org.springframework.web.filter.CompositeFilter.doFilter(CompositeFilter.java:74) ~[spring-web-6.2.9.jar:6.2.9]
	at org.springframework.security.config.annotation.web.configuration.WebMvcSecurityConfiguration$CompositeFilterChainProxy.doFilter(WebMvcSecurityConfiguration.java:240) ~[spring-security-config-6.5.2.jar:6.5.2]
	at org.springframework.web.filter.DelegatingFilterProxy.invokeDelegate(DelegatingFilterProxy.java:362) ~[spring-web-6.2.9.jar:6.2.9]
	at org.springframework.web.filter.DelegatingFilterProxy.doFilter(DelegatingFilterProxy.java:278) ~[spring-web-6.2.9.jar:6.2.9]
	at org.apache.catalina.core.ApplicationFilterChain.internalDoFilter(ApplicationFilterChain.java:164) ~[tomcat-embed-core-10.1.43.jar:10.1.43]
	at org.apache.catalina.core.ApplicationFilterChain.doFilter(ApplicationFilterChain.java:140) ~[tomcat-embed-core-10.1.43.jar:10.1.43]
	at org.springframework.web.filter.RequestContextFilter.doFilterInternal(RequestContextFilter.java:100) ~[spring-web-6.2.9.jar:6.2.9]
	at org.springframework.web.filter.OncePerRequestFilter.doFilter(OncePerRequestFilter.java:116) ~[spring-web-6.2.9.jar:6.2.9]
	at org.apache.catalina.core.ApplicationFilterChain.internalDoFilter(ApplicationFilterChain.java:164) ~[tomcat-embed-core-10.1.43.jar:10.1.43]
	at org.apache.catalina.core.ApplicationFilterChain.doFilter(ApplicationFilterChain.java:140) ~[tomcat-embed-core-10.1.43.jar:10.1.43]
	at org.springframework.web.filter.FormContentFilter.doFilterInternal(FormContentFilter.java:93) ~[spring-web-6.2.9.jar:6.2.9]
	at org.springframework.web.filter.OncePerRequestFilter.doFilter(OncePerRequestFilter.java:116) ~[spring-web-6.2.9.jar:6.2.9]
	at org.apache.catalina.core.ApplicationFilterChain.internalDoFilter(ApplicationFilterChain.java:164) ~[tomcat-embed-core-10.1.43.jar:10.1.43]
	at org.apache.catalina.core.ApplicationFilterChain.doFilter(ApplicationFilterChain.java:140) ~[tomcat-embed-core-10.1.43.jar:10.1.43]
	at org.springframework.web.filter.CharacterEncodingFilter.doFilterInternal(CharacterEncodingFilter.java:201) ~[spring-web-6.2.9.jar:6.2.9]
	at org.springframework.web.filter.OncePerRequestFilter.doFilter(OncePerRequestFilter.java:116) ~[spring-web-6.2.9.jar:6.2.9]
	at org.apache.catalina.core.ApplicationFilterChain.internalDoFilter(ApplicationFilterChain.java:164) ~[tomcat-embed-core-10.1.43.jar:10.1.43]
	at org.apache.catalina.core.ApplicationFilterChain.doFilter(ApplicationFilterChain.java:140) ~[tomcat-embed-core-10.1.43.jar:10.1.43]
	at org.apache.catalina.core.StandardWrapperValve.invoke(StandardWrapperValve.java:167) ~[tomcat-embed-core-10.1.43.jar:10.1.43]
	at org.apache.catalina.core.StandardContextValve.invoke(StandardContextValve.java:90) ~[tomcat-embed-core-10.1.43.jar:10.1.43]
	at org.apache.catalina.authenticator.AuthenticatorBase.invoke(AuthenticatorBase.java:483) ~[tomcat-embed-core-10.1.43.jar:10.1.43]
	at org.apache.catalina.core.StandardHostValve.invoke(StandardHostValve.java:116) ~[tomcat-embed-core-10.1.43.jar:10.1.43]
	at org.apache.catalina.valves.ErrorReportValve.invoke(ErrorReportValve.java:93) ~[tomcat-embed-core-10.1.43.jar:10.1.43]
	at org.apache.catalina.core.StandardEngineValve.invoke(StandardEngineValve.java:74) ~[tomcat-embed-core-10.1.43.jar:10.1.43]
	at org.apache.catalina.connector.CoyoteAdapter.service(CoyoteAdapter.java:344) ~[tomcat-embed-core-10.1.43.jar:10.1.43]
	at org.apache.coyote.http11.Http11Processor.service(Http11Processor.java:398) ~[tomcat-embed-core-10.1.43.jar:10.1.43]
	at org.apache.coyote.AbstractProcessorLight.process(AbstractProcessorLight.java:63) ~[tomcat-embed-core-10.1.43.jar:10.1.43]
	at org.apache.coyote.AbstractProtocol$ConnectionHandler.process(AbstractProtocol.java:903) ~[tomcat-embed-core-10.1.43.jar:10.1.43]
	at org.apache.tomcat.util.net.NioEndpoint$SocketProcessor.doRun(NioEndpoint.java:1769) ~[tomcat-embed-core-10.1.43.jar:10.1.43]
	at org.apache.tomcat.util.net.SocketProcessorBase.run(SocketProcessorBase.java:52) ~[tomcat-embed-core-10.1.43.jar:10.1.43]
	at org.apache.tomcat.util.threads.ThreadPoolExecutor.runWorker(ThreadPoolExecutor.java:1189) ~[tomcat-embed-core-10.1.43.jar:10.1.43]
	at org.apache.tomcat.util.threads.ThreadPoolExecutor$Worker.run(ThreadPoolExecutor.java:658) ~[tomcat-embed-core-10.1.43.jar:10.1.43]
	at org.apache.tomcat.util.threads.TaskThread$WrappingRunnable.run(TaskThread.java:63) ~[tomcat-embed-core-10.1.43.jar:10.1.43]
	at java.base/java.lang.Thread.run(Thread.java:1570) ~[na:na]

2025-09-10T00:32:34.801-06:00  INFO 788 --- [version_java] [restartedMain] c.version_java.VersionJavaApplication    : Starting VersionJavaApplication using Java 22 with PID 788 (C:\Users\DELL\Desktop\clinica\version_java\build\classes\java\main started by DELL in C:\Users\DELL\Desktop\clinica\version_java)
2025-09-10T00:32:34.807-06:00  INFO 788 --- [version_java] [restartedMain] c.version_java.VersionJavaApplication    : No active profile set, falling back to 1 default profile: "default"
2025-09-10T00:32:34.896-06:00  INFO 788 --- [version_java] [restartedMain] .e.DevToolsPropertyDefaultsPostProcessor : Devtools property defaults active! Set 'spring.devtools.add-properties' to 'false' to disable
2025-09-10T00:32:34.896-06:00  INFO 788 --- [version_java] [restartedMain] .e.DevToolsPropertyDefaultsPostProcessor : For additional web related logging consider setting the 'logging.level.web' property to 'DEBUG'
2025-09-10T00:32:36.895-06:00  INFO 788 --- [version_java] [restartedMain] .s.d.r.c.RepositoryConfigurationDelegate : Bootstrapping Spring Data JPA repositories in DEFAULT mode.
2025-09-10T00:32:37.072-06:00  INFO 788 --- [version_java] [restartedMain] .s.d.r.c.RepositoryConfigurationDelegate : Finished Spring Data repository scanning in 164 ms. Found 8 JPA repository interfaces.
2025-09-10T00:32:38.099-06:00  INFO 788 --- [version_java] [restartedMain] o.s.b.w.embedded.tomcat.TomcatWebServer  : Tomcat initialized with port 8080 (http)
2025-09-10T00:32:38.154-06:00  INFO 788 --- [version_java] [restartedMain] o.apache.catalina.core.StandardService   : Starting service [Tomcat]
2025-09-10T00:32:38.155-06:00  INFO 788 --- [version_java] [restartedMain] o.apache.catalina.core.StandardEngine    : Starting Servlet engine: [Apache Tomcat/10.1.43]
2025-09-10T00:32:38.310-06:00  INFO 788 --- [version_java] [restartedMain] o.a.c.c.C.[Tomcat].[localhost].[/]       : Initializing Spring embedded WebApplicationContext
2025-09-10T00:32:38.312-06:00  INFO 788 --- [version_java] [restartedMain] w.s.c.ServletWebServerApplicationContext : Root WebApplicationContext: initialization completed in 3414 ms
2025-09-10T00:32:38.701-06:00  INFO 788 --- [version_java] [restartedMain] o.hibernate.jpa.internal.util.LogHelper  : HHH000204: Processing PersistenceUnitInfo [name: default]
2025-09-10T00:32:38.786-06:00  INFO 788 --- [version_java] [restartedMain] org.hibernate.Version                    : HHH000412: Hibernate ORM core version 6.6.22.Final
2025-09-10T00:32:38.895-06:00  INFO 788 --- [version_java] [restartedMain] o.h.c.internal.RegionFactoryInitiator    : HHH000026: Second-level cache disabled
2025-09-10T00:32:39.543-06:00  INFO 788 --- [version_java] [restartedMain] o.s.o.j.p.SpringPersistenceUnitInfo      : No LoadTimeWeaver setup: ignoring JPA class transformer
2025-09-10T00:32:39.595-06:00  INFO 788 --- [version_java] [restartedMain] com.zaxxer.hikari.HikariDataSource       : HikariPool-1 - Starting...
2025-09-10T00:32:39.892-06:00  INFO 788 --- [version_java] [restartedMain] com.zaxxer.hikari.pool.HikariPool        : HikariPool-1 - Added connection com.mysql.cj.jdbc.ConnectionImpl@7d47ea8b
2025-09-10T00:32:39.895-06:00  INFO 788 --- [version_java] [restartedMain] com.zaxxer.hikari.HikariDataSource       : HikariPool-1 - Start completed.
2025-09-10T00:32:39.960-06:00  WARN 788 --- [version_java] [restartedMain] org.hibernate.dialect.Dialect            : HHH000511: The 5.5.5 version for [org.hibernate.dialect.MySQLDialect] is no longer supported, hence certain features may not work properly. The minimum supported version is 8.0.0. Check the community dialects project for available legacy versions.
2025-09-10T00:32:39.967-06:00  WARN 788 --- [version_java] [restartedMain] org.hibernate.orm.deprecation            : HHH90000025: MySQLDialect does not need to be specified explicitly using 'hibernate.dialect' (remove the property setting and it will be selected by default)
2025-09-10T00:32:39.997-06:00  INFO 788 --- [version_java] [restartedMain] org.hibernate.orm.connections.pooling    : HHH10001005: Database info:
	Database JDBC URL [Connecting through datasource 'HikariDataSource (HikariPool-1)']
	Database driver: undefined/unknown
	Database version: 5.5.5
	Autocommit mode: undefined/unknown
	Isolation level: undefined/unknown
	Minimum pool size: undefined/unknown
	Maximum pool size: undefined/unknown
2025-09-10T00:32:42.377-06:00  INFO 788 --- [version_java] [restartedMain] o.h.e.t.j.p.i.JtaPlatformInitiator       : HHH000489: No JTA platform available (set 'hibernate.transaction.jta.platform' to enable JTA platform integration)
2025-09-10T00:32:42.668-06:00  INFO 788 --- [version_java] [restartedMain] j.LocalContainerEntityManagerFactoryBean : Initialized JPA EntityManagerFactory for persistence unit 'default'
2025-09-10T00:32:44.033-06:00  INFO 788 --- [version_java] [restartedMain] o.s.d.j.r.query.QueryEnhancerFactory     : Hibernate is in classpath; If applicable, HQL parser will be used.
2025-09-10T00:32:45.304-06:00  INFO 788 --- [version_java] [restartedMain] r$InitializeUserDetailsManagerConfigurer : Global AuthenticationManager configured with UserDetailsService bean with name userDetailsServiceImpl
2025-09-10T00:32:45.536-06:00  WARN 788 --- [version_java] [restartedMain] JpaBaseConfiguration$JpaWebConfiguration : spring.jpa.open-in-view is enabled by default. Therefore, database queries may be performed during view rendering. Explicitly configure spring.jpa.open-in-view to disable this warning
2025-09-10T00:32:46.652-06:00  INFO 788 --- [version_java] [restartedMain] o.s.v.b.OptionalValidatorFactoryBean     : Failed to set up a Bean Validation provider: jakarta.validation.NoProviderFoundException: Unable to create a Configuration, because no Jakarta Bean Validation provider could be found. Add a provider like Hibernate Validator (RI) to your classpath.
2025-09-10T00:32:47.652-06:00  INFO 788 --- [version_java] [restartedMain] o.s.b.d.a.OptionalLiveReloadServer       : LiveReload server is running on port 35729
2025-09-10T00:32:48.217-06:00  INFO 788 --- [version_java] [restartedMain] o.s.b.w.embedded.tomcat.TomcatWebServer  : Tomcat started on port 8080 (http) with context path '/'
2025-09-10T00:32:48.253-06:00  INFO 788 --- [version_java] [restartedMain] c.version_java.VersionJavaApplication    : Started VersionJavaApplication in 14.825 seconds (process running for 16.058)
2025-09-10T00:32:54.467-06:00  INFO 788 --- [version_java] [http-nio-8080-exec-1] o.a.c.c.C.[Tomcat].[localhost].[/]       : Initializing Spring DispatcherServlet 'dispatcherServlet'
2025-09-10T00:32:54.467-06:00  INFO 788 --- [version_java] [http-nio-8080-exec-1] o.s.web.servlet.DispatcherServlet        : Initializing Servlet 'dispatcherServlet'
2025-09-10T00:32:54.470-06:00  INFO 788 --- [version_java] [http-nio-8080-exec-1] o.s.web.servlet.DispatcherServlet        : Completed initialization in 2 ms
2025-09-10T00:33:31.932-06:00  INFO 14264 --- [version_java] [restartedMain] c.version_java.VersionJavaApplication    : Starting VersionJavaApplication using Java 22 with PID 14264 (C:\Users\DELL\Desktop\clinica\version_java\build\classes\java\main started by DELL in C:\Users\DELL\Desktop\clinica\version_java)
2025-09-10T00:33:31.948-06:00  INFO 14264 --- [version_java] [restartedMain] c.version_java.VersionJavaApplication    : No active profile set, falling back to 1 default profile: "default"
2025-09-10T00:33:32.072-06:00  INFO 14264 --- [version_java] [restartedMain] .e.DevToolsPropertyDefaultsPostProcessor : Devtools property defaults active! Set 'spring.devtools.add-properties' to 'false' to disable
2025-09-10T00:33:32.075-06:00  INFO 14264 --- [version_java] [restartedMain] .e.DevToolsPropertyDefaultsPostProcessor : For additional web related logging consider setting the 'logging.level.web' property to 'DEBUG'
2025-09-10T00:33:33.857-06:00  INFO 14264 --- [version_java] [restartedMain] .s.d.r.c.RepositoryConfigurationDelegate : Bootstrapping Spring Data JPA repositories in DEFAULT mode.
2025-09-10T00:33:34.057-06:00  INFO 14264 --- [version_java] [restartedMain] .s.d.r.c.RepositoryConfigurationDelegate : Finished Spring Data repository scanning in 180 ms. Found 8 JPA repository interfaces.
2025-09-10T00:33:35.715-06:00  INFO 14264 --- [version_java] [restartedMain] o.s.b.w.embedded.tomcat.TomcatWebServer  : Tomcat initialized with port 8080 (http)
2025-09-10T00:33:35.735-06:00  INFO 14264 --- [version_java] [restartedMain] o.apache.catalina.core.StandardService   : Starting service [Tomcat]
2025-09-10T00:33:35.735-06:00  INFO 14264 --- [version_java] [restartedMain] o.apache.catalina.core.StandardEngine    : Starting Servlet engine: [Apache Tomcat/10.1.43]
2025-09-10T00:33:35.845-06:00  INFO 14264 --- [version_java] [restartedMain] o.a.c.c.C.[Tomcat].[localhost].[/]       : Initializing Spring embedded WebApplicationContext
2025-09-10T00:33:35.845-06:00  INFO 14264 --- [version_java] [restartedMain] w.s.c.ServletWebServerApplicationContext : Root WebApplicationContext: initialization completed in 3770 ms
2025-09-10T00:33:36.268-06:00  INFO 14264 --- [version_java] [restartedMain] o.hibernate.jpa.internal.util.LogHelper  : HHH000204: Processing PersistenceUnitInfo [name: default]
2025-09-10T00:33:36.417-06:00  INFO 14264 --- [version_java] [restartedMain] org.hibernate.Version                    : HHH000412: Hibernate ORM core version 6.6.22.Final
2025-09-10T00:33:36.499-06:00  INFO 14264 --- [version_java] [restartedMain] o.h.c.internal.RegionFactoryInitiator    : HHH000026: Second-level cache disabled
2025-09-10T00:33:37.167-06:00  INFO 14264 --- [version_java] [restartedMain] o.s.o.j.p.SpringPersistenceUnitInfo      : No LoadTimeWeaver setup: ignoring JPA class transformer
2025-09-10T00:33:37.232-06:00  INFO 14264 --- [version_java] [restartedMain] com.zaxxer.hikari.HikariDataSource       : HikariPool-1 - Starting...
2025-09-10T00:33:37.834-06:00  INFO 14264 --- [version_java] [restartedMain] com.zaxxer.hikari.pool.HikariPool        : HikariPool-1 - Added connection com.mysql.cj.jdbc.ConnectionImpl@2d5144cc
2025-09-10T00:33:37.859-06:00  INFO 14264 --- [version_java] [restartedMain] com.zaxxer.hikari.HikariDataSource       : HikariPool-1 - Start completed.
2025-09-10T00:33:37.941-06:00  WARN 14264 --- [version_java] [restartedMain] org.hibernate.dialect.Dialect            : HHH000511: The 5.5.5 version for [org.hibernate.dialect.MySQLDialect] is no longer supported, hence certain features may not work properly. The minimum supported version is 8.0.0. Check the community dialects project for available legacy versions.
2025-09-10T00:33:37.949-06:00  WARN 14264 --- [version_java] [restartedMain] org.hibernate.orm.deprecation            : HHH90000025: MySQLDialect does not need to be specified explicitly using 'hibernate.dialect' (remove the property setting and it will be selected by default)
2025-09-10T00:33:37.983-06:00  INFO 14264 --- [version_java] [restartedMain] org.hibernate.orm.connections.pooling    : HHH10001005: Database info:
	Database JDBC URL [Connecting through datasource 'HikariDataSource (HikariPool-1)']
	Database driver: undefined/unknown
	Database version: 5.5.5
	Autocommit mode: undefined/unknown
	Isolation level: undefined/unknown
	Minimum pool size: undefined/unknown
	Maximum pool size: undefined/unknown
2025-09-10T00:33:40.340-06:00  INFO 14264 --- [version_java] [restartedMain] o.h.e.t.j.p.i.JtaPlatformInitiator       : HHH000489: No JTA platform available (set 'hibernate.transaction.jta.platform' to enable JTA platform integration)
2025-09-10T00:33:40.536-06:00  INFO 14264 --- [version_java] [restartedMain] j.LocalContainerEntityManagerFactoryBean : Initialized JPA EntityManagerFactory for persistence unit 'default'
2025-09-10T00:33:41.349-06:00  INFO 14264 --- [version_java] [restartedMain] o.s.d.j.r.query.QueryEnhancerFactory     : Hibernate is in classpath; If applicable, HQL parser will be used.
2025-09-10T00:33:42.176-06:00  INFO 14264 --- [version_java] [restartedMain] r$InitializeUserDetailsManagerConfigurer : Global AuthenticationManager configured with UserDetailsService bean with name userDetailsServiceImpl
2025-09-10T00:33:42.349-06:00  WARN 14264 --- [version_java] [restartedMain] JpaBaseConfiguration$JpaWebConfiguration : spring.jpa.open-in-view is enabled by default. Therefore, database queries may be performed during view rendering. Explicitly configure spring.jpa.open-in-view to disable this warning
2025-09-10T00:33:42.940-06:00  INFO 14264 --- [version_java] [restartedMain] o.s.v.b.OptionalValidatorFactoryBean     : Failed to set up a Bean Validation provider: jakarta.validation.NoProviderFoundException: Unable to create a Configuration, because no Jakarta Bean Validation provider could be found. Add a provider like Hibernate Validator (RI) to your classpath.
2025-09-10T00:33:43.533-06:00  INFO 14264 --- [version_java] [restartedMain] o.s.b.d.a.OptionalLiveReloadServer       : LiveReload server is running on port 35729
2025-09-10T00:33:43.607-06:00  INFO 14264 --- [version_java] [restartedMain] o.s.b.w.embedded.tomcat.TomcatWebServer  : Tomcat started on port 8080 (http) with context path '/'
2025-09-10T00:33:43.642-06:00  INFO 14264 --- [version_java] [restartedMain] c.version_java.VersionJavaApplication    : Started VersionJavaApplication in 12.683 seconds (process running for 13.589)
2025-09-10T00:33:47.304-06:00  INFO 14264 --- [version_java] [http-nio-8080-exec-1] o.a.c.c.C.[Tomcat].[localhost].[/]       : Initializing Spring DispatcherServlet 'dispatcherServlet'
2025-09-10T00:33:47.304-06:00  INFO 14264 --- [version_java] [http-nio-8080-exec-1] o.s.web.servlet.DispatcherServlet        : Initializing Servlet 'dispatcherServlet'
2025-09-10T00:33:47.306-06:00  INFO 14264 --- [version_java] [http-nio-8080-exec-1] o.s.web.servlet.DispatcherServlet        : Completed initialization in 2 ms
2025-09-10T00:35:02.279-06:00  INFO 1248 --- [version_java] [restartedMain] c.version_java.VersionJavaApplication    : Starting VersionJavaApplication using Java 22 with PID 1248 (C:\Users\DELL\Desktop\clinica\version_java\build\classes\java\main started by DELL in C:\Users\DELL\Desktop\clinica\version_java)
2025-09-10T00:35:02.283-06:00  INFO 1248 --- [version_java] [restartedMain] c.version_java.VersionJavaApplication    : No active profile set, falling back to 1 default profile: "default"
2025-09-10T00:35:02.376-06:00  INFO 1248 --- [version_java] [restartedMain] .e.DevToolsPropertyDefaultsPostProcessor : Devtools property defaults active! Set 'spring.devtools.add-properties' to 'false' to disable
2025-09-10T00:35:02.376-06:00  INFO 1248 --- [version_java] [restartedMain] .e.DevToolsPropertyDefaultsPostProcessor : For additional web related logging consider setting the 'logging.level.web' property to 'DEBUG'
2025-09-10T00:35:04.233-06:00  INFO 1248 --- [version_java] [restartedMain] .s.d.r.c.RepositoryConfigurationDelegate : Bootstrapping Spring Data JPA repositories in DEFAULT mode.
2025-09-10T00:35:04.579-06:00  INFO 1248 --- [version_java] [restartedMain] .s.d.r.c.RepositoryConfigurationDelegate : Finished Spring Data repository scanning in 334 ms. Found 8 JPA repository interfaces.
2025-09-10T00:35:05.762-06:00  INFO 1248 --- [version_java] [restartedMain] o.s.b.w.embedded.tomcat.TomcatWebServer  : Tomcat initialized with port 8080 (http)
2025-09-10T00:35:05.821-06:00  INFO 1248 --- [version_java] [restartedMain] o.apache.catalina.core.StandardService   : Starting service [Tomcat]
2025-09-10T00:35:05.825-06:00  INFO 1248 --- [version_java] [restartedMain] o.apache.catalina.core.StandardEngine    : Starting Servlet engine: [Apache Tomcat/10.1.43]
2025-09-10T00:35:05.993-06:00  INFO 1248 --- [version_java] [restartedMain] o.a.c.c.C.[Tomcat].[localhost].[/]       : Initializing Spring embedded WebApplicationContext
2025-09-10T00:35:05.993-06:00  INFO 1248 --- [version_java] [restartedMain] w.s.c.ServletWebServerApplicationContext : Root WebApplicationContext: initialization completed in 3617 ms
2025-09-10T00:35:06.436-06:00  INFO 1248 --- [version_java] [restartedMain] o.hibernate.jpa.internal.util.LogHelper  : HHH000204: Processing PersistenceUnitInfo [name: default]
2025-09-10T00:35:06.542-06:00  INFO 1248 --- [version_java] [restartedMain] org.hibernate.Version                    : HHH000412: Hibernate ORM core version 6.6.22.Final
2025-09-10T00:35:06.609-06:00  INFO 1248 --- [version_java] [restartedMain] o.h.c.internal.RegionFactoryInitiator    : HHH000026: Second-level cache disabled
2025-09-10T00:35:07.088-06:00  INFO 1248 --- [version_java] [restartedMain] o.s.o.j.p.SpringPersistenceUnitInfo      : No LoadTimeWeaver setup: ignoring JPA class transformer
2025-09-10T00:35:07.125-06:00  INFO 1248 --- [version_java] [restartedMain] com.zaxxer.hikari.HikariDataSource       : HikariPool-1 - Starting...
2025-09-10T00:35:07.360-06:00  INFO 1248 --- [version_java] [restartedMain] com.zaxxer.hikari.pool.HikariPool        : HikariPool-1 - Added connection com.mysql.cj.jdbc.ConnectionImpl@46637ece
2025-09-10T00:35:07.363-06:00  INFO 1248 --- [version_java] [restartedMain] com.zaxxer.hikari.HikariDataSource       : HikariPool-1 - Start completed.
2025-09-10T00:35:07.433-06:00  WARN 1248 --- [version_java] [restartedMain] org.hibernate.dialect.Dialect            : HHH000511: The 5.5.5 version for [org.hibernate.dialect.MySQLDialect] is no longer supported, hence certain features may not work properly. The minimum supported version is 8.0.0. Check the community dialects project for available legacy versions.
2025-09-10T00:35:07.440-06:00  WARN 1248 --- [version_java] [restartedMain] org.hibernate.orm.deprecation            : HHH90000025: MySQLDialect does not need to be specified explicitly using 'hibernate.dialect' (remove the property setting and it will be selected by default)
2025-09-10T00:35:07.464-06:00  INFO 1248 --- [version_java] [restartedMain] org.hibernate.orm.connections.pooling    : HHH10001005: Database info:
	Database JDBC URL [Connecting through datasource 'HikariDataSource (HikariPool-1)']
	Database driver: undefined/unknown
	Database version: 5.5.5
	Autocommit mode: undefined/unknown
	Isolation level: undefined/unknown
	Minimum pool size: undefined/unknown
	Maximum pool size: undefined/unknown
2025-09-10T00:35:09.839-06:00  INFO 1248 --- [version_java] [restartedMain] o.h.e.t.j.p.i.JtaPlatformInitiator       : HHH000489: No JTA platform available (set 'hibernate.transaction.jta.platform' to enable JTA platform integration)
2025-09-10T00:35:10.221-06:00  INFO 1248 --- [version_java] [restartedMain] j.LocalContainerEntityManagerFactoryBean : Initialized JPA EntityManagerFactory for persistence unit 'default'
2025-09-10T00:35:12.159-06:00  INFO 1248 --- [version_java] [restartedMain] o.s.d.j.r.query.QueryEnhancerFactory     : Hibernate is in classpath; If applicable, HQL parser will be used.
2025-09-10T00:35:14.543-06:00  INFO 1248 --- [version_java] [restartedMain] r$InitializeUserDetailsManagerConfigurer : Global AuthenticationManager configured with UserDetailsService bean with name userDetailsServiceImpl
2025-09-10T00:35:14.964-06:00  WARN 1248 --- [version_java] [restartedMain] JpaBaseConfiguration$JpaWebConfiguration : spring.jpa.open-in-view is enabled by default. Therefore, database queries may be performed during view rendering. Explicitly configure spring.jpa.open-in-view to disable this warning
2025-09-10T00:35:16.395-06:00  INFO 1248 --- [version_java] [restartedMain] o.s.v.b.OptionalValidatorFactoryBean     : Failed to set up a Bean Validation provider: jakarta.validation.NoProviderFoundException: Unable to create a Configuration, because no Jakarta Bean Validation provider could be found. Add a provider like Hibernate Validator (RI) to your classpath.
2025-09-10T00:35:17.594-06:00  INFO 1248 --- [version_java] [restartedMain] o.s.b.d.a.OptionalLiveReloadServer       : LiveReload server is running on port 35729
2025-09-10T00:35:17.732-06:00  INFO 1248 --- [version_java] [restartedMain] o.s.b.w.embedded.tomcat.TomcatWebServer  : Tomcat started on port 8080 (http) with context path '/'
2025-09-10T00:35:17.778-06:00  INFO 1248 --- [version_java] [restartedMain] c.version_java.VersionJavaApplication    : Started VersionJavaApplication in 16.801 seconds (process running for 17.676)
2025-09-10T00:35:26.963-06:00  INFO 1248 --- [version_java] [http-nio-8080-exec-2] o.a.c.c.C.[Tomcat].[localhost].[/]       : Initializing Spring DispatcherServlet 'dispatcherServlet'
2025-09-10T00:35:26.963-06:00  INFO 1248 --- [version_java] [http-nio-8080-exec-2] o.s.web.servlet.DispatcherServlet        : Initializing Servlet 'dispatcherServlet'
2025-09-10T00:35:26.973-06:00  INFO 1248 --- [version_java] [http-nio-8080-exec-2] o.s.web.servlet.DispatcherServlet        : Completed initialization in 2 ms
2025-09-10T00:35:27.399-06:00 ERROR 1248 --- [version_java] [http-nio-8080-exec-2] o.a.c.c.C.[.[.[/].[dispatcherServlet]    : Servlet.service() for servlet [dispatcherServlet] in context with path [] threw exception [Request processing failed: java.lang.RuntimeException: persona no hallada] with root cause

java.lang.RuntimeException: persona no hallada
	at clinica.version_java.usuarios_autenticacion.services.UsuarioService.lambda$crearUsuarios$0(UsuarioService.java:27) ~[main/:na]
	at java.base/java.util.Optional.orElseThrow(Optional.java:403) ~[na:na]
	at clinica.version_java.usuarios_autenticacion.services.UsuarioService.crearUsuarios(UsuarioService.java:27) ~[main/:na]
	at clinica.version_java.usuarios_autenticacion.controllers.UsuarioController.crearUsuario(UsuarioController.java:26) ~[main/:na]
	at java.base/jdk.internal.reflect.DirectMethodHandleAccessor.invoke(DirectMethodHandleAccessor.java:103) ~[na:na]
	at java.base/java.lang.reflect.Method.invoke(Method.java:580) ~[na:na]
	at org.springframework.web.method.support.InvocableHandlerMethod.doInvoke(InvocableHandlerMethod.java:258) ~[spring-web-6.2.9.jar:6.2.9]
	at org.springframework.web.method.support.InvocableHandlerMethod.invokeForRequest(InvocableHandlerMethod.java:191) ~[spring-web-6.2.9.jar:6.2.9]
	at org.springframework.web.servlet.mvc.method.annotation.ServletInvocableHandlerMethod.invokeAndHandle(ServletInvocableHandlerMethod.java:118) ~[spring-webmvc-6.2.9.jar:6.2.9]
	at org.springframework.web.servlet.mvc.method.annotation.RequestMappingHandlerAdapter.invokeHandlerMethod(RequestMappingHandlerAdapter.java:991) ~[spring-webmvc-6.2.9.jar:6.2.9]
	at org.springframework.web.servlet.mvc.method.annotation.RequestMappingHandlerAdapter.handleInternal(RequestMappingHandlerAdapter.java:896) ~[spring-webmvc-6.2.9.jar:6.2.9]
	at org.springframework.web.servlet.mvc.method.AbstractHandlerMethodAdapter.handle(AbstractHandlerMethodAdapter.java:87) ~[spring-webmvc-6.2.9.jar:6.2.9]
	at org.springframework.web.servlet.DispatcherServlet.doDispatch(DispatcherServlet.java:1089) ~[spring-webmvc-6.2.9.jar:6.2.9]
	at org.springframework.web.servlet.DispatcherServlet.doService(DispatcherServlet.java:979) ~[spring-webmvc-6.2.9.jar:6.2.9]
	at org.springframework.web.servlet.FrameworkServlet.processRequest(FrameworkServlet.java:1014) ~[spring-webmvc-6.2.9.jar:6.2.9]
	at org.springframework.web.servlet.FrameworkServlet.doPost(FrameworkServlet.java:914) ~[spring-webmvc-6.2.9.jar:6.2.9]
	at jakarta.servlet.http.HttpServlet.service(HttpServlet.java:590) ~[tomcat-embed-core-10.1.43.jar:6.0]
	at org.springframework.web.servlet.FrameworkServlet.service(FrameworkServlet.java:885) ~[spring-webmvc-6.2.9.jar:6.2.9]
	at jakarta.servlet.http.HttpServlet.service(HttpServlet.java:658) ~[tomcat-embed-core-10.1.43.jar:6.0]
	at org.apache.catalina.core.ApplicationFilterChain.internalDoFilter(ApplicationFilterChain.java:195) ~[tomcat-embed-core-10.1.43.jar:10.1.43]
	at org.apache.catalina.core.ApplicationFilterChain.doFilter(ApplicationFilterChain.java:140) ~[tomcat-embed-core-10.1.43.jar:10.1.43]
	at org.apache.tomcat.websocket.server.WsFilter.doFilter(WsFilter.java:51) ~[tomcat-embed-websocket-10.1.43.jar:10.1.43]
	at org.apache.catalina.core.ApplicationFilterChain.internalDoFilter(ApplicationFilterChain.java:164) ~[tomcat-embed-core-10.1.43.jar:10.1.43]
	at org.apache.catalina.core.ApplicationFilterChain.doFilter(ApplicationFilterChain.java:140) ~[tomcat-embed-core-10.1.43.jar:10.1.43]
	at org.springframework.web.filter.OncePerRequestFilter.doFilter(OncePerRequestFilter.java:110) ~[spring-web-6.2.9.jar:6.2.9]
	at org.apache.catalina.core.ApplicationFilterChain.internalDoFilter(ApplicationFilterChain.java:164) ~[tomcat-embed-core-10.1.43.jar:10.1.43]
	at org.apache.catalina.core.ApplicationFilterChain.doFilter(ApplicationFilterChain.java:140) ~[tomcat-embed-core-10.1.43.jar:10.1.43]
	at org.springframework.web.filter.CompositeFilter$VirtualFilterChain.doFilter(CompositeFilter.java:108) ~[spring-web-6.2.9.jar:6.2.9]
	at org.springframework.web.filter.CompositeFilter$VirtualFilterChain.doFilter(CompositeFilter.java:108) ~[spring-web-6.2.9.jar:6.2.9]
	at org.springframework.security.web.FilterChainProxy.lambda$doFilterInternal$3(FilterChainProxy.java:231) ~[spring-security-web-6.5.2.jar:6.5.2]
	at org.springframework.security.web.FilterChainProxy$VirtualFilterChain.doFilter(FilterChainProxy.java:365) ~[spring-security-web-6.5.2.jar:6.5.2]
	at org.springframework.security.web.access.intercept.AuthorizationFilter.doFilter(AuthorizationFilter.java:101) ~[spring-security-web-6.5.2.jar:6.5.2]
	at org.springframework.security.web.FilterChainProxy$VirtualFilterChain.doFilter(FilterChainProxy.java:374) ~[spring-security-web-6.5.2.jar:6.5.2]
	at org.springframework.security.web.access.ExceptionTranslationFilter.doFilter(ExceptionTranslationFilter.java:125) ~[spring-security-web-6.5.2.jar:6.5.2]
	at org.springframework.security.web.access.ExceptionTranslationFilter.doFilter(ExceptionTranslationFilter.java:119) ~[spring-security-web-6.5.2.jar:6.5.2]
	at org.springframework.security.web.FilterChainProxy$VirtualFilterChain.doFilter(FilterChainProxy.java:374) ~[spring-security-web-6.5.2.jar:6.5.2]
	at org.springframework.security.web.session.SessionManagementFilter.doFilter(SessionManagementFilter.java:131) ~[spring-security-web-6.5.2.jar:6.5.2]
	at org.springframework.security.web.session.SessionManagementFilter.doFilter(SessionManagementFilter.java:85) ~[spring-security-web-6.5.2.jar:6.5.2]
	at org.springframework.security.web.FilterChainProxy$VirtualFilterChain.doFilter(FilterChainProxy.java:374) ~[spring-security-web-6.5.2.jar:6.5.2]
	at org.springframework.security.web.authentication.AnonymousAuthenticationFilter.doFilter(AnonymousAuthenticationFilter.java:100) ~[spring-security-web-6.5.2.jar:6.5.2]
	at org.springframework.security.web.FilterChainProxy$VirtualFilterChain.doFilter(FilterChainProxy.java:374) ~[spring-security-web-6.5.2.jar:6.5.2]
	at org.springframework.security.web.servletapi.SecurityContextHolderAwareRequestFilter.doFilter(SecurityContextHolderAwareRequestFilter.java:179) ~[spring-security-web-6.5.2.jar:6.5.2]
	at org.springframework.security.web.FilterChainProxy$VirtualFilterChain.doFilter(FilterChainProxy.java:374) ~[spring-security-web-6.5.2.jar:6.5.2]
	at org.springframework.security.web.savedrequest.RequestCacheAwareFilter.doFilter(RequestCacheAwareFilter.java:63) ~[spring-security-web-6.5.2.jar:6.5.2]
	at org.springframework.security.web.FilterChainProxy$VirtualFilterChain.doFilter(FilterChainProxy.java:374) ~[spring-security-web-6.5.2.jar:6.5.2]
	at clinica.version_java.usuarios_autenticacion.config.JwtFilter.doFilterInternal(JwtFilter.java:56) ~[main/:na]
	at org.springframework.web.filter.OncePerRequestFilter.doFilter(OncePerRequestFilter.java:116) ~[spring-web-6.2.9.jar:6.2.9]
	at org.springframework.security.web.FilterChainProxy$VirtualFilterChain.doFilter(FilterChainProxy.java:374) ~[spring-security-web-6.5.2.jar:6.5.2]
	at org.springframework.security.web.authentication.logout.LogoutFilter.doFilter(LogoutFilter.java:107) ~[spring-security-web-6.5.2.jar:6.5.2]
	at org.springframework.security.web.authentication.logout.LogoutFilter.doFilter(LogoutFilter.java:93) ~[spring-security-web-6.5.2.jar:6.5.2]
	at org.springframework.security.web.FilterChainProxy$VirtualFilterChain.doFilter(FilterChainProxy.java:374) ~[spring-security-web-6.5.2.jar:6.5.2]
	at org.springframework.security.web.header.HeaderWriterFilter.doHeadersAfter(HeaderWriterFilter.java:90) ~[spring-security-web-6.5.2.jar:6.5.2]
	at org.springframework.security.web.header.HeaderWriterFilter.doFilterInternal(HeaderWriterFilter.java:75) ~[spring-security-web-6.5.2.jar:6.5.2]
	at org.springframework.web.filter.OncePerRequestFilter.doFilter(OncePerRequestFilter.java:116) ~[spring-web-6.2.9.jar:6.2.9]
	at org.springframework.security.web.FilterChainProxy$VirtualFilterChain.doFilter(FilterChainProxy.java:374) ~[spring-security-web-6.5.2.jar:6.5.2]
	at org.springframework.security.web.context.SecurityContextHolderFilter.doFilter(SecurityContextHolderFilter.java:82) ~[spring-security-web-6.5.2.jar:6.5.2]
	at org.springframework.security.web.context.SecurityContextHolderFilter.doFilter(SecurityContextHolderFilter.java:69) ~[spring-security-web-6.5.2.jar:6.5.2]
	at org.springframework.security.web.FilterChainProxy$VirtualFilterChain.doFilter(FilterChainProxy.java:374) ~[spring-security-web-6.5.2.jar:6.5.2]
	at org.springframework.security.web.context.request.async.WebAsyncManagerIntegrationFilter.doFilterInternal(WebAsyncManagerIntegrationFilter.java:62) ~[spring-security-web-6.5.2.jar:6.5.2]
	at org.springframework.web.filter.OncePerRequestFilter.doFilter(OncePerRequestFilter.java:116) ~[spring-web-6.2.9.jar:6.2.9]
	at org.springframework.security.web.FilterChainProxy$VirtualFilterChain.doFilter(FilterChainProxy.java:374) ~[spring-security-web-6.5.2.jar:6.5.2]
	at org.springframework.security.web.session.DisableEncodeUrlFilter.doFilterInternal(DisableEncodeUrlFilter.java:42) ~[spring-security-web-6.5.2.jar:6.5.2]
	at org.springframework.web.filter.OncePerRequestFilter.doFilter(OncePerRequestFilter.java:116) ~[spring-web-6.2.9.jar:6.2.9]
	at org.springframework.security.web.FilterChainProxy$VirtualFilterChain.doFilter(FilterChainProxy.java:374) ~[spring-security-web-6.5.2.jar:6.5.2]
	at org.springframework.security.web.FilterChainProxy.doFilterInternal(FilterChainProxy.java:233) ~[spring-security-web-6.5.2.jar:6.5.2]
	at org.springframework.security.web.FilterChainProxy.doFilter(FilterChainProxy.java:191) ~[spring-security-web-6.5.2.jar:6.5.2]
	at org.springframework.web.filter.CompositeFilter$VirtualFilterChain.doFilter(CompositeFilter.java:113) ~[spring-web-6.2.9.jar:6.2.9]
	at org.springframework.web.filter.ServletRequestPathFilter.doFilter(ServletRequestPathFilter.java:52) ~[spring-web-6.2.9.jar:6.2.9]
	at org.springframework.web.filter.CompositeFilter$VirtualFilterChain.doFilter(CompositeFilter.java:113) ~[spring-web-6.2.9.jar:6.2.9]
	at org.springframework.web.filter.CompositeFilter.doFilter(CompositeFilter.java:74) ~[spring-web-6.2.9.jar:6.2.9]
	at org.springframework.security.config.annotation.web.configuration.WebSecurityConfiguration$CompositeFilterChainProxy.doFilter(WebSecurityConfiguration.java:319) ~[spring-security-config-6.5.2.jar:6.5.2]
	at org.springframework.web.filter.CompositeFilter$VirtualFilterChain.doFilter(CompositeFilter.java:113) ~[spring-web-6.2.9.jar:6.2.9]
	at org.springframework.web.servlet.handler.HandlerMappingIntrospector.lambda$createCacheFilter$4(HandlerMappingIntrospector.java:267) ~[spring-webmvc-6.2.9.jar:6.2.9]
	at org.springframework.web.filter.CompositeFilter$VirtualFilterChain.doFilter(CompositeFilter.java:113) ~[spring-web-6.2.9.jar:6.2.9]
	at org.springframework.web.filter.CompositeFilter.doFilter(CompositeFilter.java:74) ~[spring-web-6.2.9.jar:6.2.9]
	at org.springframework.security.config.annotation.web.configuration.WebMvcSecurityConfiguration$CompositeFilterChainProxy.doFilter(WebMvcSecurityConfiguration.java:240) ~[spring-security-config-6.5.2.jar:6.5.2]
	at org.springframework.web.filter.DelegatingFilterProxy.invokeDelegate(DelegatingFilterProxy.java:362) ~[spring-web-6.2.9.jar:6.2.9]
	at org.springframework.web.filter.DelegatingFilterProxy.doFilter(DelegatingFilterProxy.java:278) ~[spring-web-6.2.9.jar:6.2.9]
	at org.apache.catalina.core.ApplicationFilterChain.internalDoFilter(ApplicationFilterChain.java:164) ~[tomcat-embed-core-10.1.43.jar:10.1.43]
	at org.apache.catalina.core.ApplicationFilterChain.doFilter(ApplicationFilterChain.java:140) ~[tomcat-embed-core-10.1.43.jar:10.1.43]
	at org.springframework.web.filter.RequestContextFilter.doFilterInternal(RequestContextFilter.java:100) ~[spring-web-6.2.9.jar:6.2.9]
	at org.springframework.web.filter.OncePerRequestFilter.doFilter(OncePerRequestFilter.java:116) ~[spring-web-6.2.9.jar:6.2.9]
	at org.apache.catalina.core.ApplicationFilterChain.internalDoFilter(ApplicationFilterChain.java:164) ~[tomcat-embed-core-10.1.43.jar:10.1.43]
	at org.apache.catalina.core.ApplicationFilterChain.doFilter(ApplicationFilterChain.java:140) ~[tomcat-embed-core-10.1.43.jar:10.1.43]
	at org.springframework.web.filter.FormContentFilter.doFilterInternal(FormContentFilter.java:93) ~[spring-web-6.2.9.jar:6.2.9]
	at org.springframework.web.filter.OncePerRequestFilter.doFilter(OncePerRequestFilter.java:116) ~[spring-web-6.2.9.jar:6.2.9]
	at org.apache.catalina.core.ApplicationFilterChain.internalDoFilter(ApplicationFilterChain.java:164) ~[tomcat-embed-core-10.1.43.jar:10.1.43]
	at org.apache.catalina.core.ApplicationFilterChain.doFilter(ApplicationFilterChain.java:140) ~[tomcat-embed-core-10.1.43.jar:10.1.43]
	at org.springframework.web.filter.CharacterEncodingFilter.doFilterInternal(CharacterEncodingFilter.java:201) ~[spring-web-6.2.9.jar:6.2.9]
	at org.springframework.web.filter.OncePerRequestFilter.doFilter(OncePerRequestFilter.java:116) ~[spring-web-6.2.9.jar:6.2.9]
	at org.apache.catalina.core.ApplicationFilterChain.internalDoFilter(ApplicationFilterChain.java:164) ~[tomcat-embed-core-10.1.43.jar:10.1.43]
	at org.apache.catalina.core.ApplicationFilterChain.doFilter(ApplicationFilterChain.java:140) ~[tomcat-embed-core-10.1.43.jar:10.1.43]
	at org.apache.catalina.core.StandardWrapperValve.invoke(StandardWrapperValve.java:167) ~[tomcat-embed-core-10.1.43.jar:10.1.43]
	at org.apache.catalina.core.StandardContextValve.invoke(StandardContextValve.java:90) ~[tomcat-embed-core-10.1.43.jar:10.1.43]
	at org.apache.catalina.authenticator.AuthenticatorBase.invoke(AuthenticatorBase.java:483) ~[tomcat-embed-core-10.1.43.jar:10.1.43]
	at org.apache.catalina.core.StandardHostValve.invoke(StandardHostValve.java:116) ~[tomcat-embed-core-10.1.43.jar:10.1.43]
	at org.apache.catalina.valves.ErrorReportValve.invoke(ErrorReportValve.java:93) ~[tomcat-embed-core-10.1.43.jar:10.1.43]
	at org.apache.catalina.core.StandardEngineValve.invoke(StandardEngineValve.java:74) ~[tomcat-embed-core-10.1.43.jar:10.1.43]
	at org.apache.catalina.connector.CoyoteAdapter.service(CoyoteAdapter.java:344) ~[tomcat-embed-core-10.1.43.jar:10.1.43]
	at org.apache.coyote.http11.Http11Processor.service(Http11Processor.java:398) ~[tomcat-embed-core-10.1.43.jar:10.1.43]
	at org.apache.coyote.AbstractProcessorLight.process(AbstractProcessorLight.java:63) ~[tomcat-embed-core-10.1.43.jar:10.1.43]
	at org.apache.coyote.AbstractProtocol$ConnectionHandler.process(AbstractProtocol.java:903) ~[tomcat-embed-core-10.1.43.jar:10.1.43]
	at org.apache.tomcat.util.net.NioEndpoint$SocketProcessor.doRun(NioEndpoint.java:1769) ~[tomcat-embed-core-10.1.43.jar:10.1.43]
	at org.apache.tomcat.util.net.SocketProcessorBase.run(SocketProcessorBase.java:52) ~[tomcat-embed-core-10.1.43.jar:10.1.43]
	at org.apache.tomcat.util.threads.ThreadPoolExecutor.runWorker(ThreadPoolExecutor.java:1189) ~[tomcat-embed-core-10.1.43.jar:10.1.43]
	at org.apache.tomcat.util.threads.ThreadPoolExecutor$Worker.run(ThreadPoolExecutor.java:658) ~[tomcat-embed-core-10.1.43.jar:10.1.43]
	at org.apache.tomcat.util.threads.TaskThread$WrappingRunnable.run(TaskThread.java:63) ~[tomcat-embed-core-10.1.43.jar:10.1.43]
	at java.base/java.lang.Thread.run(Thread.java:1570) ~[na:na]

2025-09-10T00:36:53.109-06:00  INFO 9548 --- [version_java] [restartedMain] c.version_java.VersionJavaApplication    : Starting VersionJavaApplication using Java 22 with PID 9548 (C:\Users\DELL\Desktop\clinica\version_java\build\classes\java\main started by DELL in C:\Users\DELL\Desktop\clinica\version_java)
2025-09-10T00:36:53.113-06:00  INFO 9548 --- [version_java] [restartedMain] c.version_java.VersionJavaApplication    : No active profile set, falling back to 1 default profile: "default"
2025-09-10T00:36:53.198-06:00  INFO 9548 --- [version_java] [restartedMain] .e.DevToolsPropertyDefaultsPostProcessor : Devtools property defaults active! Set 'spring.devtools.add-properties' to 'false' to disable
2025-09-10T00:36:53.200-06:00  INFO 9548 --- [version_java] [restartedMain] .e.DevToolsPropertyDefaultsPostProcessor : For additional web related logging consider setting the 'logging.level.web' property to 'DEBUG'
2025-09-10T00:36:55.444-06:00  INFO 9548 --- [version_java] [restartedMain] .s.d.r.c.RepositoryConfigurationDelegate : Bootstrapping Spring Data JPA repositories in DEFAULT mode.
2025-09-10T00:36:55.692-06:00  INFO 9548 --- [version_java] [restartedMain] .s.d.r.c.RepositoryConfigurationDelegate : Finished Spring Data repository scanning in 226 ms. Found 8 JPA repository interfaces.
2025-09-10T00:36:57.202-06:00  INFO 9548 --- [version_java] [restartedMain] o.s.b.w.embedded.tomcat.TomcatWebServer  : Tomcat initialized with port 8080 (http)
2025-09-10T00:36:57.276-06:00  INFO 9548 --- [version_java] [restartedMain] o.apache.catalina.core.StandardService   : Starting service [Tomcat]
2025-09-10T00:36:57.278-06:00  INFO 9548 --- [version_java] [restartedMain] o.apache.catalina.core.StandardEngine    : Starting Servlet engine: [Apache Tomcat/10.1.43]
2025-09-10T00:36:57.445-06:00  INFO 9548 --- [version_java] [restartedMain] o.a.c.c.C.[Tomcat].[localhost].[/]       : Initializing Spring embedded WebApplicationContext
2025-09-10T00:36:57.448-06:00  INFO 9548 --- [version_java] [restartedMain] w.s.c.ServletWebServerApplicationContext : Root WebApplicationContext: initialization completed in 4246 ms
2025-09-10T00:36:57.820-06:00  INFO 9548 --- [version_java] [restartedMain] o.hibernate.jpa.internal.util.LogHelper  : HHH000204: Processing PersistenceUnitInfo [name: default]
2025-09-10T00:36:57.894-06:00  INFO 9548 --- [version_java] [restartedMain] org.hibernate.Version                    : HHH000412: Hibernate ORM core version 6.6.22.Final
2025-09-10T00:36:57.965-06:00  INFO 9548 --- [version_java] [restartedMain] o.h.c.internal.RegionFactoryInitiator    : HHH000026: Second-level cache disabled
2025-09-10T00:36:58.941-06:00  INFO 9548 --- [version_java] [restartedMain] o.s.o.j.p.SpringPersistenceUnitInfo      : No LoadTimeWeaver setup: ignoring JPA class transformer
2025-09-10T00:36:58.999-06:00  INFO 9548 --- [version_java] [restartedMain] com.zaxxer.hikari.HikariDataSource       : HikariPool-1 - Starting...
2025-09-10T00:36:59.345-06:00  INFO 9548 --- [version_java] [restartedMain] com.zaxxer.hikari.pool.HikariPool        : HikariPool-1 - Added connection com.mysql.cj.jdbc.ConnectionImpl@466725b
2025-09-10T00:36:59.347-06:00  INFO 9548 --- [version_java] [restartedMain] com.zaxxer.hikari.HikariDataSource       : HikariPool-1 - Start completed.
2025-09-10T00:36:59.439-06:00  WARN 9548 --- [version_java] [restartedMain] org.hibernate.dialect.Dialect            : HHH000511: The 5.5.5 version for [org.hibernate.dialect.MySQLDialect] is no longer supported, hence certain features may not work properly. The minimum supported version is 8.0.0. Check the community dialects project for available legacy versions.
2025-09-10T00:36:59.453-06:00  WARN 9548 --- [version_java] [restartedMain] org.hibernate.orm.deprecation            : HHH90000025: MySQLDialect does not need to be specified explicitly using 'hibernate.dialect' (remove the property setting and it will be selected by default)
2025-09-10T00:36:59.497-06:00  INFO 9548 --- [version_java] [restartedMain] org.hibernate.orm.connections.pooling    : HHH10001005: Database info:
	Database JDBC URL [Connecting through datasource 'HikariDataSource (HikariPool-1)']
	Database driver: undefined/unknown
	Database version: 5.5.5
	Autocommit mode: undefined/unknown
	Isolation level: undefined/unknown
	Minimum pool size: undefined/unknown
	Maximum pool size: undefined/unknown
2025-09-10T00:37:01.825-06:00  INFO 9548 --- [version_java] [restartedMain] o.h.e.t.j.p.i.JtaPlatformInitiator       : HHH000489: No JTA platform available (set 'hibernate.transaction.jta.platform' to enable JTA platform integration)
2025-09-10T00:37:02.046-06:00  INFO 9548 --- [version_java] [restartedMain] j.LocalContainerEntityManagerFactoryBean : Initialized JPA EntityManagerFactory for persistence unit 'default'
2025-09-10T00:37:02.920-06:00  INFO 9548 --- [version_java] [restartedMain] o.s.d.j.r.query.QueryEnhancerFactory     : Hibernate is in classpath; If applicable, HQL parser will be used.
2025-09-10T00:37:03.803-06:00  INFO 9548 --- [version_java] [restartedMain] r$InitializeUserDetailsManagerConfigurer : Global AuthenticationManager configured with UserDetailsService bean with name userDetailsServiceImpl
2025-09-10T00:37:03.991-06:00  WARN 9548 --- [version_java] [restartedMain] JpaBaseConfiguration$JpaWebConfiguration : spring.jpa.open-in-view is enabled by default. Therefore, database queries may be performed during view rendering. Explicitly configure spring.jpa.open-in-view to disable this warning
2025-09-10T00:37:04.636-06:00  INFO 9548 --- [version_java] [restartedMain] o.s.v.b.OptionalValidatorFactoryBean     : Failed to set up a Bean Validation provider: jakarta.validation.NoProviderFoundException: Unable to create a Configuration, because no Jakarta Bean Validation provider could be found. Add a provider like Hibernate Validator (RI) to your classpath.
2025-09-10T00:37:05.042-06:00  INFO 9548 --- [version_java] [restartedMain] o.s.b.d.a.OptionalLiveReloadServer       : LiveReload server is running on port 35729
2025-09-10T00:37:05.093-06:00  INFO 9548 --- [version_java] [restartedMain] o.s.b.w.embedded.tomcat.TomcatWebServer  : Tomcat started on port 8080 (http) with context path '/'
2025-09-10T00:37:05.112-06:00  INFO 9548 --- [version_java] [restartedMain] c.version_java.VersionJavaApplication    : Started VersionJavaApplication in 12.888 seconds (process running for 13.742)
2025-09-10T00:37:09.395-06:00  INFO 9548 --- [version_java] [http-nio-8080-exec-2] o.a.c.c.C.[Tomcat].[localhost].[/]       : Initializing Spring DispatcherServlet 'dispatcherServlet'
2025-09-10T00:37:09.401-06:00  INFO 9548 --- [version_java] [http-nio-8080-exec-2] o.s.web.servlet.DispatcherServlet        : Initializing Servlet 'dispatcherServlet'
2025-09-10T00:37:09.407-06:00  INFO 9548 --- [version_java] [http-nio-8080-exec-2] o.s.web.servlet.DispatcherServlet        : Completed initialization in 6 ms
2025-09-10T00:37:09.949-06:00 ERROR 9548 --- [version_java] [http-nio-8080-exec-2] o.a.c.c.C.[.[.[/].[dispatcherServlet]    : Servlet.service() for servlet [dispatcherServlet] in context with path [] threw exception [Request processing failed: java.lang.RuntimeException: persona no hallada] with root cause

java.lang.RuntimeException: persona no hallada
	at clinica.version_java.usuarios_autenticacion.services.UsuarioService.lambda$crearUsuarios$0(UsuarioService.java:27) ~[main/:na]
	at java.base/java.util.Optional.orElseThrow(Optional.java:403) ~[na:na]
	at clinica.version_java.usuarios_autenticacion.services.UsuarioService.crearUsuarios(UsuarioService.java:27) ~[main/:na]
	at clinica.version_java.usuarios_autenticacion.controllers.UsuarioController.crearUsuario(UsuarioController.java:26) ~[main/:na]
	at java.base/jdk.internal.reflect.DirectMethodHandleAccessor.invoke(DirectMethodHandleAccessor.java:103) ~[na:na]
	at java.base/java.lang.reflect.Method.invoke(Method.java:580) ~[na:na]
	at org.springframework.web.method.support.InvocableHandlerMethod.doInvoke(InvocableHandlerMethod.java:258) ~[spring-web-6.2.9.jar:6.2.9]
	at org.springframework.web.method.support.InvocableHandlerMethod.invokeForRequest(InvocableHandlerMethod.java:191) ~[spring-web-6.2.9.jar:6.2.9]
	at org.springframework.web.servlet.mvc.method.annotation.ServletInvocableHandlerMethod.invokeAndHandle(ServletInvocableHandlerMethod.java:118) ~[spring-webmvc-6.2.9.jar:6.2.9]
	at org.springframework.web.servlet.mvc.method.annotation.RequestMappingHandlerAdapter.invokeHandlerMethod(RequestMappingHandlerAdapter.java:991) ~[spring-webmvc-6.2.9.jar:6.2.9]
	at org.springframework.web.servlet.mvc.method.annotation.RequestMappingHandlerAdapter.handleInternal(RequestMappingHandlerAdapter.java:896) ~[spring-webmvc-6.2.9.jar:6.2.9]
	at org.springframework.web.servlet.mvc.method.AbstractHandlerMethodAdapter.handle(AbstractHandlerMethodAdapter.java:87) ~[spring-webmvc-6.2.9.jar:6.2.9]
	at org.springframework.web.servlet.DispatcherServlet.doDispatch(DispatcherServlet.java:1089) ~[spring-webmvc-6.2.9.jar:6.2.9]
	at org.springframework.web.servlet.DispatcherServlet.doService(DispatcherServlet.java:979) ~[spring-webmvc-6.2.9.jar:6.2.9]
	at org.springframework.web.servlet.FrameworkServlet.processRequest(FrameworkServlet.java:1014) ~[spring-webmvc-6.2.9.jar:6.2.9]
	at org.springframework.web.servlet.FrameworkServlet.doPost(FrameworkServlet.java:914) ~[spring-webmvc-6.2.9.jar:6.2.9]
	at jakarta.servlet.http.HttpServlet.service(HttpServlet.java:590) ~[tomcat-embed-core-10.1.43.jar:6.0]
	at org.springframework.web.servlet.FrameworkServlet.service(FrameworkServlet.java:885) ~[spring-webmvc-6.2.9.jar:6.2.9]
	at jakarta.servlet.http.HttpServlet.service(HttpServlet.java:658) ~[tomcat-embed-core-10.1.43.jar:6.0]
	at org.apache.catalina.core.ApplicationFilterChain.internalDoFilter(ApplicationFilterChain.java:195) ~[tomcat-embed-core-10.1.43.jar:10.1.43]
	at org.apache.catalina.core.ApplicationFilterChain.doFilter(ApplicationFilterChain.java:140) ~[tomcat-embed-core-10.1.43.jar:10.1.43]
	at org.apache.tomcat.websocket.server.WsFilter.doFilter(WsFilter.java:51) ~[tomcat-embed-websocket-10.1.43.jar:10.1.43]
	at org.apache.catalina.core.ApplicationFilterChain.internalDoFilter(ApplicationFilterChain.java:164) ~[tomcat-embed-core-10.1.43.jar:10.1.43]
	at org.apache.catalina.core.ApplicationFilterChain.doFilter(ApplicationFilterChain.java:140) ~[tomcat-embed-core-10.1.43.jar:10.1.43]
	at org.springframework.web.filter.OncePerRequestFilter.doFilter(OncePerRequestFilter.java:110) ~[spring-web-6.2.9.jar:6.2.9]
	at org.apache.catalina.core.ApplicationFilterChain.internalDoFilter(ApplicationFilterChain.java:164) ~[tomcat-embed-core-10.1.43.jar:10.1.43]
	at org.apache.catalina.core.ApplicationFilterChain.doFilter(ApplicationFilterChain.java:140) ~[tomcat-embed-core-10.1.43.jar:10.1.43]
	at org.springframework.web.filter.CompositeFilter$VirtualFilterChain.doFilter(CompositeFilter.java:108) ~[spring-web-6.2.9.jar:6.2.9]
	at org.springframework.web.filter.CompositeFilter$VirtualFilterChain.doFilter(CompositeFilter.java:108) ~[spring-web-6.2.9.jar:6.2.9]
	at org.springframework.security.web.FilterChainProxy.lambda$doFilterInternal$3(FilterChainProxy.java:231) ~[spring-security-web-6.5.2.jar:6.5.2]
	at org.springframework.security.web.FilterChainProxy$VirtualFilterChain.doFilter(FilterChainProxy.java:365) ~[spring-security-web-6.5.2.jar:6.5.2]
	at org.springframework.security.web.access.intercept.AuthorizationFilter.doFilter(AuthorizationFilter.java:101) ~[spring-security-web-6.5.2.jar:6.5.2]
	at org.springframework.security.web.FilterChainProxy$VirtualFilterChain.doFilter(FilterChainProxy.java:374) ~[spring-security-web-6.5.2.jar:6.5.2]
	at org.springframework.security.web.access.ExceptionTranslationFilter.doFilter(ExceptionTranslationFilter.java:125) ~[spring-security-web-6.5.2.jar:6.5.2]
	at org.springframework.security.web.access.ExceptionTranslationFilter.doFilter(ExceptionTranslationFilter.java:119) ~[spring-security-web-6.5.2.jar:6.5.2]
	at org.springframework.security.web.FilterChainProxy$VirtualFilterChain.doFilter(FilterChainProxy.java:374) ~[spring-security-web-6.5.2.jar:6.5.2]
	at org.springframework.security.web.session.SessionManagementFilter.doFilter(SessionManagementFilter.java:131) ~[spring-security-web-6.5.2.jar:6.5.2]
	at org.springframework.security.web.session.SessionManagementFilter.doFilter(SessionManagementFilter.java:85) ~[spring-security-web-6.5.2.jar:6.5.2]
	at org.springframework.security.web.FilterChainProxy$VirtualFilterChain.doFilter(FilterChainProxy.java:374) ~[spring-security-web-6.5.2.jar:6.5.2]
	at org.springframework.security.web.authentication.AnonymousAuthenticationFilter.doFilter(AnonymousAuthenticationFilter.java:100) ~[spring-security-web-6.5.2.jar:6.5.2]
	at org.springframework.security.web.FilterChainProxy$VirtualFilterChain.doFilter(FilterChainProxy.java:374) ~[spring-security-web-6.5.2.jar:6.5.2]
	at org.springframework.security.web.servletapi.SecurityContextHolderAwareRequestFilter.doFilter(SecurityContextHolderAwareRequestFilter.java:179) ~[spring-security-web-6.5.2.jar:6.5.2]
	at org.springframework.security.web.FilterChainProxy$VirtualFilterChain.doFilter(FilterChainProxy.java:374) ~[spring-security-web-6.5.2.jar:6.5.2]
	at org.springframework.security.web.savedrequest.RequestCacheAwareFilter.doFilter(RequestCacheAwareFilter.java:63) ~[spring-security-web-6.5.2.jar:6.5.2]
	at org.springframework.security.web.FilterChainProxy$VirtualFilterChain.doFilter(FilterChainProxy.java:374) ~[spring-security-web-6.5.2.jar:6.5.2]
	at clinica.version_java.usuarios_autenticacion.config.JwtFilter.doFilterInternal(JwtFilter.java:56) ~[main/:na]
	at org.springframework.web.filter.OncePerRequestFilter.doFilter(OncePerRequestFilter.java:116) ~[spring-web-6.2.9.jar:6.2.9]
	at org.springframework.security.web.FilterChainProxy$VirtualFilterChain.doFilter(FilterChainProxy.java:374) ~[spring-security-web-6.5.2.jar:6.5.2]
	at org.springframework.security.web.authentication.logout.LogoutFilter.doFilter(LogoutFilter.java:107) ~[spring-security-web-6.5.2.jar:6.5.2]
	at org.springframework.security.web.authentication.logout.LogoutFilter.doFilter(LogoutFilter.java:93) ~[spring-security-web-6.5.2.jar:6.5.2]
	at org.springframework.security.web.FilterChainProxy$VirtualFilterChain.doFilter(FilterChainProxy.java:374) ~[spring-security-web-6.5.2.jar:6.5.2]
	at org.springframework.security.web.header.HeaderWriterFilter.doHeadersAfter(HeaderWriterFilter.java:90) ~[spring-security-web-6.5.2.jar:6.5.2]
	at org.springframework.security.web.header.HeaderWriterFilter.doFilterInternal(HeaderWriterFilter.java:75) ~[spring-security-web-6.5.2.jar:6.5.2]
	at org.springframework.web.filter.OncePerRequestFilter.doFilter(OncePerRequestFilter.java:116) ~[spring-web-6.2.9.jar:6.2.9]
	at org.springframework.security.web.FilterChainProxy$VirtualFilterChain.doFilter(FilterChainProxy.java:374) ~[spring-security-web-6.5.2.jar:6.5.2]
	at org.springframework.security.web.context.SecurityContextHolderFilter.doFilter(SecurityContextHolderFilter.java:82) ~[spring-security-web-6.5.2.jar:6.5.2]
	at org.springframework.security.web.context.SecurityContextHolderFilter.doFilter(SecurityContextHolderFilter.java:69) ~[spring-security-web-6.5.2.jar:6.5.2]
	at org.springframework.security.web.FilterChainProxy$VirtualFilterChain.doFilter(FilterChainProxy.java:374) ~[spring-security-web-6.5.2.jar:6.5.2]
	at org.springframework.security.web.context.request.async.WebAsyncManagerIntegrationFilter.doFilterInternal(WebAsyncManagerIntegrationFilter.java:62) ~[spring-security-web-6.5.2.jar:6.5.2]
	at org.springframework.web.filter.OncePerRequestFilter.doFilter(OncePerRequestFilter.java:116) ~[spring-web-6.2.9.jar:6.2.9]
	at org.springframework.security.web.FilterChainProxy$VirtualFilterChain.doFilter(FilterChainProxy.java:374) ~[spring-security-web-6.5.2.jar:6.5.2]
	at org.springframework.security.web.session.DisableEncodeUrlFilter.doFilterInternal(DisableEncodeUrlFilter.java:42) ~[spring-security-web-6.5.2.jar:6.5.2]
	at org.springframework.web.filter.OncePerRequestFilter.doFilter(OncePerRequestFilter.java:116) ~[spring-web-6.2.9.jar:6.2.9]
	at org.springframework.security.web.FilterChainProxy$VirtualFilterChain.doFilter(FilterChainProxy.java:374) ~[spring-security-web-6.5.2.jar:6.5.2]
	at org.springframework.security.web.FilterChainProxy.doFilterInternal(FilterChainProxy.java:233) ~[spring-security-web-6.5.2.jar:6.5.2]
	at org.springframework.security.web.FilterChainProxy.doFilter(FilterChainProxy.java:191) ~[spring-security-web-6.5.2.jar:6.5.2]
	at org.springframework.web.filter.CompositeFilter$VirtualFilterChain.doFilter(CompositeFilter.java:113) ~[spring-web-6.2.9.jar:6.2.9]
	at org.springframework.web.filter.ServletRequestPathFilter.doFilter(ServletRequestPathFilter.java:52) ~[spring-web-6.2.9.jar:6.2.9]
	at org.springframework.web.filter.CompositeFilter$VirtualFilterChain.doFilter(CompositeFilter.java:113) ~[spring-web-6.2.9.jar:6.2.9]
	at org.springframework.web.filter.CompositeFilter.doFilter(CompositeFilter.java:74) ~[spring-web-6.2.9.jar:6.2.9]
	at org.springframework.security.config.annotation.web.configuration.WebSecurityConfiguration$CompositeFilterChainProxy.doFilter(WebSecurityConfiguration.java:319) ~[spring-security-config-6.5.2.jar:6.5.2]
	at org.springframework.web.filter.CompositeFilter$VirtualFilterChain.doFilter(CompositeFilter.java:113) ~[spring-web-6.2.9.jar:6.2.9]
	at org.springframework.web.servlet.handler.HandlerMappingIntrospector.lambda$createCacheFilter$4(HandlerMappingIntrospector.java:267) ~[spring-webmvc-6.2.9.jar:6.2.9]
	at org.springframework.web.filter.CompositeFilter$VirtualFilterChain.doFilter(CompositeFilter.java:113) ~[spring-web-6.2.9.jar:6.2.9]
	at org.springframework.web.filter.CompositeFilter.doFilter(CompositeFilter.java:74) ~[spring-web-6.2.9.jar:6.2.9]
	at org.springframework.security.config.annotation.web.configuration.WebMvcSecurityConfiguration$CompositeFilterChainProxy.doFilter(WebMvcSecurityConfiguration.java:240) ~[spring-security-config-6.5.2.jar:6.5.2]
	at org.springframework.web.filter.DelegatingFilterProxy.invokeDelegate(DelegatingFilterProxy.java:362) ~[spring-web-6.2.9.jar:6.2.9]
	at org.springframework.web.filter.DelegatingFilterProxy.doFilter(DelegatingFilterProxy.java:278) ~[spring-web-6.2.9.jar:6.2.9]
	at org.apache.catalina.core.ApplicationFilterChain.internalDoFilter(ApplicationFilterChain.java:164) ~[tomcat-embed-core-10.1.43.jar:10.1.43]
	at org.apache.catalina.core.ApplicationFilterChain.doFilter(ApplicationFilterChain.java:140) ~[tomcat-embed-core-10.1.43.jar:10.1.43]
	at org.springframework.web.filter.RequestContextFilter.doFilterInternal(RequestContextFilter.java:100) ~[spring-web-6.2.9.jar:6.2.9]
	at org.springframework.web.filter.OncePerRequestFilter.doFilter(OncePerRequestFilter.java:116) ~[spring-web-6.2.9.jar:6.2.9]
	at org.apache.catalina.core.ApplicationFilterChain.internalDoFilter(ApplicationFilterChain.java:164) ~[tomcat-embed-core-10.1.43.jar:10.1.43]
	at org.apache.catalina.core.ApplicationFilterChain.doFilter(ApplicationFilterChain.java:140) ~[tomcat-embed-core-10.1.43.jar:10.1.43]
	at org.springframework.web.filter.FormContentFilter.doFilterInternal(FormContentFilter.java:93) ~[spring-web-6.2.9.jar:6.2.9]
	at org.springframework.web.filter.OncePerRequestFilter.doFilter(OncePerRequestFilter.java:116) ~[spring-web-6.2.9.jar:6.2.9]
	at org.apache.catalina.core.ApplicationFilterChain.internalDoFilter(ApplicationFilterChain.java:164) ~[tomcat-embed-core-10.1.43.jar:10.1.43]
	at org.apache.catalina.core.ApplicationFilterChain.doFilter(ApplicationFilterChain.java:140) ~[tomcat-embed-core-10.1.43.jar:10.1.43]
	at org.springframework.web.filter.CharacterEncodingFilter.doFilterInternal(CharacterEncodingFilter.java:201) ~[spring-web-6.2.9.jar:6.2.9]
	at org.springframework.web.filter.OncePerRequestFilter.doFilter(OncePerRequestFilter.java:116) ~[spring-web-6.2.9.jar:6.2.9]
	at org.apache.catalina.core.ApplicationFilterChain.internalDoFilter(ApplicationFilterChain.java:164) ~[tomcat-embed-core-10.1.43.jar:10.1.43]
	at org.apache.catalina.core.ApplicationFilterChain.doFilter(ApplicationFilterChain.java:140) ~[tomcat-embed-core-10.1.43.jar:10.1.43]
	at org.apache.catalina.core.StandardWrapperValve.invoke(StandardWrapperValve.java:167) ~[tomcat-embed-core-10.1.43.jar:10.1.43]
	at org.apache.catalina.core.StandardContextValve.invoke(StandardContextValve.java:90) ~[tomcat-embed-core-10.1.43.jar:10.1.43]
	at org.apache.catalina.authenticator.AuthenticatorBase.invoke(AuthenticatorBase.java:483) ~[tomcat-embed-core-10.1.43.jar:10.1.43]
	at org.apache.catalina.core.StandardHostValve.invoke(StandardHostValve.java:116) ~[tomcat-embed-core-10.1.43.jar:10.1.43]
	at org.apache.catalina.valves.ErrorReportValve.invoke(ErrorReportValve.java:93) ~[tomcat-embed-core-10.1.43.jar:10.1.43]
	at org.apache.catalina.core.StandardEngineValve.invoke(StandardEngineValve.java:74) ~[tomcat-embed-core-10.1.43.jar:10.1.43]
	at org.apache.catalina.connector.CoyoteAdapter.service(CoyoteAdapter.java:344) ~[tomcat-embed-core-10.1.43.jar:10.1.43]
	at org.apache.coyote.http11.Http11Processor.service(Http11Processor.java:398) ~[tomcat-embed-core-10.1.43.jar:10.1.43]
	at org.apache.coyote.AbstractProcessorLight.process(AbstractProcessorLight.java:63) ~[tomcat-embed-core-10.1.43.jar:10.1.43]
	at org.apache.coyote.AbstractProtocol$ConnectionHandler.process(AbstractProtocol.java:903) ~[tomcat-embed-core-10.1.43.jar:10.1.43]
	at org.apache.tomcat.util.net.NioEndpoint$SocketProcessor.doRun(NioEndpoint.java:1769) ~[tomcat-embed-core-10.1.43.jar:10.1.43]
	at org.apache.tomcat.util.net.SocketProcessorBase.run(SocketProcessorBase.java:52) ~[tomcat-embed-core-10.1.43.jar:10.1.43]
	at org.apache.tomcat.util.threads.ThreadPoolExecutor.runWorker(ThreadPoolExecutor.java:1189) ~[tomcat-embed-core-10.1.43.jar:10.1.43]
	at org.apache.tomcat.util.threads.ThreadPoolExecutor$Worker.run(ThreadPoolExecutor.java:658) ~[tomcat-embed-core-10.1.43.jar:10.1.43]
	at org.apache.tomcat.util.threads.TaskThread$WrappingRunnable.run(TaskThread.java:63) ~[tomcat-embed-core-10.1.43.jar:10.1.43]
	at java.base/java.lang.Thread.run(Thread.java:1570) ~[na:na]

2025-09-10T00:42:31.341-06:00  INFO 13332 --- [version_java] [restartedMain] c.version_java.VersionJavaApplication    : Starting VersionJavaApplication using Java 22 with PID 13332 (C:\Users\DELL\Desktop\clinica\version_java\build\classes\java\main started by DELL in C:\Users\DELL\Desktop\clinica\version_java)
2025-09-10T00:42:31.344-06:00  INFO 13332 --- [version_java] [restartedMain] c.version_java.VersionJavaApplication    : No active profile set, falling back to 1 default profile: "default"
2025-09-10T00:42:31.410-06:00  INFO 13332 --- [version_java] [restartedMain] .e.DevToolsPropertyDefaultsPostProcessor : Devtools property defaults active! Set 'spring.devtools.add-properties' to 'false' to disable
2025-09-10T00:42:31.410-06:00  INFO 13332 --- [version_java] [restartedMain] .e.DevToolsPropertyDefaultsPostProcessor : For additional web related logging consider setting the 'logging.level.web' property to 'DEBUG'
2025-09-10T00:42:32.805-06:00  INFO 13332 --- [version_java] [restartedMain] .s.d.r.c.RepositoryConfigurationDelegate : Bootstrapping Spring Data JPA repositories in DEFAULT mode.
2025-09-10T00:42:33.087-06:00  INFO 13332 --- [version_java] [restartedMain] .s.d.r.c.RepositoryConfigurationDelegate : Finished Spring Data repository scanning in 248 ms. Found 8 JPA repository interfaces.
2025-09-10T00:42:34.217-06:00  INFO 13332 --- [version_java] [restartedMain] o.s.b.w.embedded.tomcat.TomcatWebServer  : Tomcat initialized with port 8080 (http)
2025-09-10T00:42:34.255-06:00  INFO 13332 --- [version_java] [restartedMain] o.apache.catalina.core.StandardService   : Starting service [Tomcat]
2025-09-10T00:42:34.255-06:00  INFO 13332 --- [version_java] [restartedMain] o.apache.catalina.core.StandardEngine    : Starting Servlet engine: [Apache Tomcat/10.1.43]
2025-09-10T00:42:34.360-06:00  INFO 13332 --- [version_java] [restartedMain] o.a.c.c.C.[Tomcat].[localhost].[/]       : Initializing Spring embedded WebApplicationContext
2025-09-10T00:42:34.362-06:00  INFO 13332 --- [version_java] [restartedMain] w.s.c.ServletWebServerApplicationContext : Root WebApplicationContext: initialization completed in 2944 ms
2025-09-10T00:42:34.655-06:00  INFO 13332 --- [version_java] [restartedMain] o.hibernate.jpa.internal.util.LogHelper  : HHH000204: Processing PersistenceUnitInfo [name: default]
2025-09-10T00:42:34.734-06:00  INFO 13332 --- [version_java] [restartedMain] org.hibernate.Version                    : HHH000412: Hibernate ORM core version 6.6.22.Final
2025-09-10T00:42:34.796-06:00  INFO 13332 --- [version_java] [restartedMain] o.h.c.internal.RegionFactoryInitiator    : HHH000026: Second-level cache disabled
2025-09-10T00:42:35.431-06:00  INFO 13332 --- [version_java] [restartedMain] o.s.o.j.p.SpringPersistenceUnitInfo      : No LoadTimeWeaver setup: ignoring JPA class transformer
2025-09-10T00:42:35.469-06:00  INFO 13332 --- [version_java] [restartedMain] com.zaxxer.hikari.HikariDataSource       : HikariPool-1 - Starting...
2025-09-10T00:42:35.721-06:00  INFO 13332 --- [version_java] [restartedMain] com.zaxxer.hikari.pool.HikariPool        : HikariPool-1 - Added connection com.mysql.cj.jdbc.ConnectionImpl@267b2455
2025-09-10T00:42:35.723-06:00  INFO 13332 --- [version_java] [restartedMain] com.zaxxer.hikari.HikariDataSource       : HikariPool-1 - Start completed.
2025-09-10T00:42:35.771-06:00  WARN 13332 --- [version_java] [restartedMain] org.hibernate.dialect.Dialect            : HHH000511: The 5.5.5 version for [org.hibernate.dialect.MySQLDialect] is no longer supported, hence certain features may not work properly. The minimum supported version is 8.0.0. Check the community dialects project for available legacy versions.
2025-09-10T00:42:35.777-06:00  WARN 13332 --- [version_java] [restartedMain] org.hibernate.orm.deprecation            : HHH90000025: MySQLDialect does not need to be specified explicitly using 'hibernate.dialect' (remove the property setting and it will be selected by default)
2025-09-10T00:42:35.804-06:00  INFO 13332 --- [version_java] [restartedMain] org.hibernate.orm.connections.pooling    : HHH10001005: Database info:
	Database JDBC URL [Connecting through datasource 'HikariDataSource (HikariPool-1)']
	Database driver: undefined/unknown
	Database version: 5.5.5
	Autocommit mode: undefined/unknown
	Isolation level: undefined/unknown
	Minimum pool size: undefined/unknown
	Maximum pool size: undefined/unknown
2025-09-10T00:42:37.284-06:00  INFO 13332 --- [version_java] [restartedMain] o.h.e.t.j.p.i.JtaPlatformInitiator       : HHH000489: No JTA platform available (set 'hibernate.transaction.jta.platform' to enable JTA platform integration)
2025-09-10T00:42:37.475-06:00  INFO 13332 --- [version_java] [restartedMain] j.LocalContainerEntityManagerFactoryBean : Initialized JPA EntityManagerFactory for persistence unit 'default'
2025-09-10T00:42:38.337-06:00  INFO 13332 --- [version_java] [restartedMain] o.s.d.j.r.query.QueryEnhancerFactory     : Hibernate is in classpath; If applicable, HQL parser will be used.
2025-09-10T00:42:39.170-06:00  INFO 13332 --- [version_java] [restartedMain] r$InitializeUserDetailsManagerConfigurer : Global AuthenticationManager configured with UserDetailsService bean with name userDetailsServiceImpl
2025-09-10T00:42:39.409-06:00  WARN 13332 --- [version_java] [restartedMain] JpaBaseConfiguration$JpaWebConfiguration : spring.jpa.open-in-view is enabled by default. Therefore, database queries may be performed during view rendering. Explicitly configure spring.jpa.open-in-view to disable this warning
2025-09-10T00:42:40.021-06:00  INFO 13332 --- [version_java] [restartedMain] o.s.v.b.OptionalValidatorFactoryBean     : Failed to set up a Bean Validation provider: jakarta.validation.NoProviderFoundException: Unable to create a Configuration, because no Jakarta Bean Validation provider could be found. Add a provider like Hibernate Validator (RI) to your classpath.
2025-09-10T00:42:40.426-06:00  INFO 13332 --- [version_java] [restartedMain] o.s.b.d.a.OptionalLiveReloadServer       : LiveReload server is running on port 35729
2025-09-10T00:42:40.472-06:00  INFO 13332 --- [version_java] [restartedMain] o.s.b.w.embedded.tomcat.TomcatWebServer  : Tomcat started on port 8080 (http) with context path '/'
2025-09-10T00:42:40.486-06:00  INFO 13332 --- [version_java] [restartedMain] c.version_java.VersionJavaApplication    : Started VersionJavaApplication in 9.98 seconds (process running for 10.763)
2025-09-10T00:42:44.351-06:00  INFO 13332 --- [version_java] [http-nio-8080-exec-2] o.a.c.c.C.[Tomcat].[localhost].[/]       : Initializing Spring DispatcherServlet 'dispatcherServlet'
2025-09-10T00:42:44.351-06:00  INFO 13332 --- [version_java] [http-nio-8080-exec-2] o.s.web.servlet.DispatcherServlet        : Initializing Servlet 'dispatcherServlet'
2025-09-10T00:42:44.353-06:00  INFO 13332 --- [version_java] [http-nio-8080-exec-2] o.s.web.servlet.DispatcherServlet        : Completed initialization in 2 ms
2025-09-10T00:46:24.204-06:00  INFO 13972 --- [version_java] [restartedMain] c.version_java.VersionJavaApplication    : Starting VersionJavaApplication using Java 22 with PID 13972 (C:\Users\DELL\Desktop\clinica\version_java\build\classes\java\main started by DELL in C:\Users\DELL\Desktop\clinica\version_java)
2025-09-10T00:46:24.208-06:00  INFO 13972 --- [version_java] [restartedMain] c.version_java.VersionJavaApplication    : No active profile set, falling back to 1 default profile: "default"
2025-09-10T00:46:24.346-06:00  INFO 13972 --- [version_java] [restartedMain] .e.DevToolsPropertyDefaultsPostProcessor : Devtools property defaults active! Set 'spring.devtools.add-properties' to 'false' to disable
2025-09-10T00:46:24.347-06:00  INFO 13972 --- [version_java] [restartedMain] .e.DevToolsPropertyDefaultsPostProcessor : For additional web related logging consider setting the 'logging.level.web' property to 'DEBUG'
2025-09-10T00:46:37.029-06:00  INFO 9836 --- [version_java] [restartedMain] c.version_java.VersionJavaApplication    : Starting VersionJavaApplication using Java 22 with PID 9836 (C:\Users\DELL\Desktop\clinica\version_java\bin\main started by DELL in C:\Users\DELL\Desktop\clinica\version_java)
2025-09-10T00:46:37.037-06:00  INFO 9836 --- [version_java] [restartedMain] c.version_java.VersionJavaApplication    : No active profile set, falling back to 1 default profile: "default"
2025-09-10T00:46:37.284-06:00  INFO 9836 --- [version_java] [restartedMain] .e.DevToolsPropertyDefaultsPostProcessor : Devtools property defaults active! Set 'spring.devtools.add-properties' to 'false' to disable
2025-09-10T00:46:37.287-06:00  INFO 9836 --- [version_java] [restartedMain] .e.DevToolsPropertyDefaultsPostProcessor : For additional web related logging consider setting the 'logging.level.web' property to 'DEBUG'
2025-09-10T00:46:41.012-06:00  INFO 9836 --- [version_java] [restartedMain] .s.d.r.c.RepositoryConfigurationDelegate : Bootstrapping Spring Data JPA repositories in DEFAULT mode.
2025-09-10T00:46:41.304-06:00  INFO 9836 --- [version_java] [restartedMain] .s.d.r.c.RepositoryConfigurationDelegate : Finished Spring Data repository scanning in 275 ms. Found 8 JPA repository interfaces.
2025-09-10T00:46:43.422-06:00  INFO 9836 --- [version_java] [restartedMain] o.s.b.w.embedded.tomcat.TomcatWebServer  : Tomcat initialized with port 8080 (http)
2025-09-10T00:46:43.484-06:00  INFO 9836 --- [version_java] [restartedMain] o.apache.catalina.core.StandardService   : Starting service [Tomcat]
2025-09-10T00:46:43.486-06:00  INFO 9836 --- [version_java] [restartedMain] o.apache.catalina.core.StandardEngine    : Starting Servlet engine: [Apache Tomcat/10.1.43]
2025-09-10T00:46:43.643-06:00  INFO 9836 --- [version_java] [restartedMain] o.a.c.c.C.[Tomcat].[localhost].[/]       : Initializing Spring embedded WebApplicationContext
2025-09-10T00:46:43.646-06:00  INFO 9836 --- [version_java] [restartedMain] w.s.c.ServletWebServerApplicationContext : Root WebApplicationContext: initialization completed in 6347 ms
2025-09-10T00:46:44.206-06:00  INFO 9836 --- [version_java] [restartedMain] o.hibernate.jpa.internal.util.LogHelper  : HHH000204: Processing PersistenceUnitInfo [name: default]
2025-09-10T00:46:44.616-06:00  INFO 9836 --- [version_java] [restartedMain] org.hibernate.Version                    : HHH000412: Hibernate ORM core version 6.6.22.Final
2025-09-10T00:46:44.878-06:00  INFO 9836 --- [version_java] [restartedMain] o.h.c.internal.RegionFactoryInitiator    : HHH000026: Second-level cache disabled
2025-09-10T00:46:46.246-06:00  INFO 9836 --- [version_java] [restartedMain] o.s.o.j.p.SpringPersistenceUnitInfo      : No LoadTimeWeaver setup: ignoring JPA class transformer
2025-09-10T00:46:46.349-06:00  INFO 9836 --- [version_java] [restartedMain] com.zaxxer.hikari.HikariDataSource       : HikariPool-1 - Starting...
2025-09-10T00:48:09.441-06:00  INFO 7536 --- [version_java] [restartedMain] c.version_java.VersionJavaApplication    : Starting VersionJavaApplication using Java 22 with PID 7536 (C:\Users\DELL\Desktop\clinica\version_java\build\classes\java\main started by DELL in C:\Users\DELL\Desktop\clinica\version_java)
2025-09-10T00:48:09.446-06:00  INFO 7536 --- [version_java] [restartedMain] c.version_java.VersionJavaApplication    : No active profile set, falling back to 1 default profile: "default"
2025-09-10T00:48:09.543-06:00  INFO 7536 --- [version_java] [restartedMain] .e.DevToolsPropertyDefaultsPostProcessor : Devtools property defaults active! Set 'spring.devtools.add-properties' to 'false' to disable
2025-09-10T00:48:09.543-06:00  INFO 7536 --- [version_java] [restartedMain] .e.DevToolsPropertyDefaultsPostProcessor : For additional web related logging consider setting the 'logging.level.web' property to 'DEBUG'
2025-09-10T00:48:11.814-06:00  INFO 7536 --- [version_java] [restartedMain] .s.d.r.c.RepositoryConfigurationDelegate : Bootstrapping Spring Data JPA repositories in DEFAULT mode.
2025-09-10T00:48:12.102-06:00  INFO 7536 --- [version_java] [restartedMain] .s.d.r.c.RepositoryConfigurationDelegate : Finished Spring Data repository scanning in 271 ms. Found 8 JPA repository interfaces.
2025-09-10T00:48:13.416-06:00  INFO 7536 --- [version_java] [restartedMain] o.s.b.w.embedded.tomcat.TomcatWebServer  : Tomcat initialized with port 8080 (http)
2025-09-10T00:48:13.440-06:00  INFO 7536 --- [version_java] [restartedMain] o.apache.catalina.core.StandardService   : Starting service [Tomcat]
2025-09-10T00:48:13.441-06:00  INFO 7536 --- [version_java] [restartedMain] o.apache.catalina.core.StandardEngine    : Starting Servlet engine: [Apache Tomcat/10.1.43]
2025-09-10T00:48:13.530-06:00  INFO 7536 --- [version_java] [restartedMain] o.a.c.c.C.[Tomcat].[localhost].[/]       : Initializing Spring embedded WebApplicationContext
2025-09-10T00:48:13.531-06:00  INFO 7536 --- [version_java] [restartedMain] w.s.c.ServletWebServerApplicationContext : Root WebApplicationContext: initialization completed in 3987 ms
2025-09-10T00:48:13.780-06:00  INFO 7536 --- [version_java] [restartedMain] o.hibernate.jpa.internal.util.LogHelper  : HHH000204: Processing PersistenceUnitInfo [name: default]
2025-09-10T00:48:13.864-06:00  INFO 7536 --- [version_java] [restartedMain] org.hibernate.Version                    : HHH000412: Hibernate ORM core version 6.6.22.Final
2025-09-10T00:48:13.922-06:00  INFO 7536 --- [version_java] [restartedMain] o.h.c.internal.RegionFactoryInitiator    : HHH000026: Second-level cache disabled
2025-09-10T00:48:14.328-06:00  INFO 7536 --- [version_java] [restartedMain] o.s.o.j.p.SpringPersistenceUnitInfo      : No LoadTimeWeaver setup: ignoring JPA class transformer
2025-09-10T00:48:14.375-06:00  INFO 7536 --- [version_java] [restartedMain] com.zaxxer.hikari.HikariDataSource       : HikariPool-1 - Starting...
2025-09-10T00:48:14.644-06:00  INFO 7536 --- [version_java] [restartedMain] com.zaxxer.hikari.pool.HikariPool        : HikariPool-1 - Added connection com.mysql.cj.jdbc.ConnectionImpl@1bf33f73
2025-09-10T00:48:14.646-06:00  INFO 7536 --- [version_java] [restartedMain] com.zaxxer.hikari.HikariDataSource       : HikariPool-1 - Start completed.
2025-09-10T00:48:14.750-06:00  WARN 7536 --- [version_java] [restartedMain] org.hibernate.dialect.Dialect            : HHH000511: The 5.5.5 version for [org.hibernate.dialect.MySQLDialect] is no longer supported, hence certain features may not work properly. The minimum supported version is 8.0.0. Check the community dialects project for available legacy versions.
2025-09-10T00:48:14.762-06:00  WARN 7536 --- [version_java] [restartedMain] org.hibernate.orm.deprecation            : HHH90000025: MySQLDialect does not need to be specified explicitly using 'hibernate.dialect' (remove the property setting and it will be selected by default)
2025-09-10T00:48:14.799-06:00  INFO 7536 --- [version_java] [restartedMain] org.hibernate.orm.connections.pooling    : HHH10001005: Database info:
	Database JDBC URL [Connecting through datasource 'HikariDataSource (HikariPool-1)']
	Database driver: undefined/unknown
	Database version: 5.5.5
	Autocommit mode: undefined/unknown
	Isolation level: undefined/unknown
	Minimum pool size: undefined/unknown
	Maximum pool size: undefined/unknown
2025-09-10T00:48:16.614-06:00  INFO 7536 --- [version_java] [restartedMain] o.h.e.t.j.p.i.JtaPlatformInitiator       : HHH000489: No JTA platform available (set 'hibernate.transaction.jta.platform' to enable JTA platform integration)
2025-09-10T00:48:16.824-06:00  INFO 7536 --- [version_java] [restartedMain] j.LocalContainerEntityManagerFactoryBean : Initialized JPA EntityManagerFactory for persistence unit 'default'
2025-09-10T00:48:17.653-06:00  INFO 7536 --- [version_java] [restartedMain] o.s.d.j.r.query.QueryEnhancerFactory     : Hibernate is in classpath; If applicable, HQL parser will be used.
2025-09-10T00:48:18.618-06:00  INFO 7536 --- [version_java] [restartedMain] r$InitializeUserDetailsManagerConfigurer : Global AuthenticationManager configured with UserDetailsService bean with name userDetailsServiceImpl
2025-09-10T00:48:18.825-06:00  WARN 7536 --- [version_java] [restartedMain] JpaBaseConfiguration$JpaWebConfiguration : spring.jpa.open-in-view is enabled by default. Therefore, database queries may be performed during view rendering. Explicitly configure spring.jpa.open-in-view to disable this warning
2025-09-10T00:48:19.675-06:00  INFO 7536 --- [version_java] [restartedMain] o.s.v.b.OptionalValidatorFactoryBean     : Failed to set up a Bean Validation provider: jakarta.validation.NoProviderFoundException: Unable to create a Configuration, because no Jakarta Bean Validation provider could be found. Add a provider like Hibernate Validator (RI) to your classpath.
2025-09-10T00:48:20.262-06:00  INFO 7536 --- [version_java] [restartedMain] o.s.b.d.a.OptionalLiveReloadServer       : LiveReload server is running on port 35729
2025-09-10T00:48:20.344-06:00  INFO 7536 --- [version_java] [restartedMain] o.s.b.w.embedded.tomcat.TomcatWebServer  : Tomcat started on port 8080 (http) with context path '/'
2025-09-10T00:48:20.369-06:00  INFO 7536 --- [version_java] [restartedMain] c.version_java.VersionJavaApplication    : Started VersionJavaApplication in 12.077 seconds (process running for 13.069)
2025-09-10T00:51:30.783-06:00  INFO 15980 --- [version_java] [restartedMain] c.version_java.VersionJavaApplication    : Starting VersionJavaApplication using Java 22 with PID 15980 (C:\Users\DELL\Desktop\clinica\version_java\build\classes\java\main started by DELL in C:\Users\DELL\Desktop\clinica\version_java)
2025-09-10T00:51:30.788-06:00  INFO 15980 --- [version_java] [restartedMain] c.version_java.VersionJavaApplication    : No active profile set, falling back to 1 default profile: "default"
2025-09-10T00:51:30.861-06:00  INFO 15980 --- [version_java] [restartedMain] .e.DevToolsPropertyDefaultsPostProcessor : Devtools property defaults active! Set 'spring.devtools.add-properties' to 'false' to disable
2025-09-10T00:51:30.861-06:00  INFO 15980 --- [version_java] [restartedMain] .e.DevToolsPropertyDefaultsPostProcessor : For additional web related logging consider setting the 'logging.level.web' property to 'DEBUG'
2025-09-10T00:51:32.055-06:00  INFO 15980 --- [version_java] [restartedMain] .s.d.r.c.RepositoryConfigurationDelegate : Bootstrapping Spring Data JPA repositories in DEFAULT mode.
2025-09-10T00:51:32.228-06:00  INFO 15980 --- [version_java] [restartedMain] .s.d.r.c.RepositoryConfigurationDelegate : Finished Spring Data repository scanning in 158 ms. Found 8 JPA repository interfaces.
2025-09-10T00:51:33.126-06:00  INFO 15980 --- [version_java] [restartedMain] o.s.b.w.embedded.tomcat.TomcatWebServer  : Tomcat initialized with port 8080 (http)
2025-09-10T00:51:33.147-06:00  INFO 15980 --- [version_java] [restartedMain] o.apache.catalina.core.StandardService   : Starting service [Tomcat]
2025-09-10T00:51:33.147-06:00  INFO 15980 --- [version_java] [restartedMain] o.apache.catalina.core.StandardEngine    : Starting Servlet engine: [Apache Tomcat/10.1.43]
2025-09-10T00:51:33.278-06:00  INFO 15980 --- [version_java] [restartedMain] o.a.c.c.C.[Tomcat].[localhost].[/]       : Initializing Spring embedded WebApplicationContext
2025-09-10T00:51:33.279-06:00  INFO 15980 --- [version_java] [restartedMain] w.s.c.ServletWebServerApplicationContext : Root WebApplicationContext: initialization completed in 2416 ms
2025-09-10T00:51:33.698-06:00  INFO 15980 --- [version_java] [restartedMain] o.hibernate.jpa.internal.util.LogHelper  : HHH000204: Processing PersistenceUnitInfo [name: default]
2025-09-10T00:51:33.760-06:00  INFO 15980 --- [version_java] [restartedMain] org.hibernate.Version                    : HHH000412: Hibernate ORM core version 6.6.22.Final
2025-09-10T00:51:33.807-06:00  INFO 15980 --- [version_java] [restartedMain] o.h.c.internal.RegionFactoryInitiator    : HHH000026: Second-level cache disabled
2025-09-10T00:51:34.172-06:00  INFO 15980 --- [version_java] [restartedMain] o.s.o.j.p.SpringPersistenceUnitInfo      : No LoadTimeWeaver setup: ignoring JPA class transformer
2025-09-10T00:51:34.209-06:00  INFO 15980 --- [version_java] [restartedMain] com.zaxxer.hikari.HikariDataSource       : HikariPool-1 - Starting...
2025-09-10T00:51:34.404-06:00  INFO 15980 --- [version_java] [restartedMain] com.zaxxer.hikari.pool.HikariPool        : HikariPool-1 - Added connection com.mysql.cj.jdbc.ConnectionImpl@46637ece
2025-09-10T00:51:34.406-06:00  INFO 15980 --- [version_java] [restartedMain] com.zaxxer.hikari.HikariDataSource       : HikariPool-1 - Start completed.
2025-09-10T00:51:34.449-06:00  WARN 15980 --- [version_java] [restartedMain] org.hibernate.dialect.Dialect            : HHH000511: The 5.5.5 version for [org.hibernate.dialect.MySQLDialect] is no longer supported, hence certain features may not work properly. The minimum supported version is 8.0.0. Check the community dialects project for available legacy versions.
2025-09-10T00:51:34.453-06:00  WARN 15980 --- [version_java] [restartedMain] org.hibernate.orm.deprecation            : HHH90000025: MySQLDialect does not need to be specified explicitly using 'hibernate.dialect' (remove the property setting and it will be selected by default)
2025-09-10T00:51:34.472-06:00  INFO 15980 --- [version_java] [restartedMain] org.hibernate.orm.connections.pooling    : HHH10001005: Database info:
	Database JDBC URL [Connecting through datasource 'HikariDataSource (HikariPool-1)']
	Database driver: undefined/unknown
	Database version: 5.5.5
	Autocommit mode: undefined/unknown
	Isolation level: undefined/unknown
	Minimum pool size: undefined/unknown
	Maximum pool size: undefined/unknown
2025-09-10T00:51:35.758-06:00  INFO 15980 --- [version_java] [restartedMain] o.h.e.t.j.p.i.JtaPlatformInitiator       : HHH000489: No JTA platform available (set 'hibernate.transaction.jta.platform' to enable JTA platform integration)
2025-09-10T00:51:35.903-06:00  INFO 15980 --- [version_java] [restartedMain] j.LocalContainerEntityManagerFactoryBean : Initialized JPA EntityManagerFactory for persistence unit 'default'
2025-09-10T00:51:36.609-06:00  INFO 15980 --- [version_java] [restartedMain] o.s.d.j.r.query.QueryEnhancerFactory     : Hibernate is in classpath; If applicable, HQL parser will be used.
2025-09-10T00:51:37.267-06:00  INFO 15980 --- [version_java] [restartedMain] r$InitializeUserDetailsManagerConfigurer : Global AuthenticationManager configured with UserDetailsService bean with name userDetailsServiceImpl
2025-09-10T00:51:37.434-06:00  WARN 15980 --- [version_java] [restartedMain] JpaBaseConfiguration$JpaWebConfiguration : spring.jpa.open-in-view is enabled by default. Therefore, database queries may be performed during view rendering. Explicitly configure spring.jpa.open-in-view to disable this warning
2025-09-10T00:51:37.916-06:00  INFO 15980 --- [version_java] [restartedMain] o.s.v.b.OptionalValidatorFactoryBean     : Failed to set up a Bean Validation provider: jakarta.validation.NoProviderFoundException: Unable to create a Configuration, because no Jakarta Bean Validation provider could be found. Add a provider like Hibernate Validator (RI) to your classpath.
2025-09-10T00:51:38.288-06:00  INFO 15980 --- [version_java] [restartedMain] o.s.b.d.a.OptionalLiveReloadServer       : LiveReload server is running on port 35729
2025-09-10T00:51:38.324-06:00  INFO 15980 --- [version_java] [restartedMain] o.s.b.w.embedded.tomcat.TomcatWebServer  : Tomcat started on port 8080 (http) with context path '/'
2025-09-10T00:51:38.336-06:00  INFO 15980 --- [version_java] [restartedMain] c.version_java.VersionJavaApplication    : Started VersionJavaApplication in 8.36 seconds (process running for 9.035)
2025-09-10T00:51:41.935-06:00  INFO 15980 --- [version_java] [http-nio-8080-exec-1] o.a.c.c.C.[Tomcat].[localhost].[/]       : Initializing Spring DispatcherServlet 'dispatcherServlet'
2025-09-10T00:51:41.936-06:00  INFO 15980 --- [version_java] [http-nio-8080-exec-1] o.s.web.servlet.DispatcherServlet        : Initializing Servlet 'dispatcherServlet'
2025-09-10T00:51:41.938-06:00  INFO 15980 --- [version_java] [http-nio-8080-exec-1] o.s.web.servlet.DispatcherServlet        : Completed initialization in 1 ms
2025-09-10T00:54:16.369-06:00  INFO 17184 --- [version_java] [restartedMain] c.version_java.VersionJavaApplication    : Starting VersionJavaApplication using Java 22 with PID 17184 (C:\Users\DELL\Desktop\clinica\version_java\build\classes\java\main started by DELL in C:\Users\DELL\Desktop\clinica\version_java)
2025-09-10T00:54:16.371-06:00  INFO 17184 --- [version_java] [restartedMain] c.version_java.VersionJavaApplication    : No active profile set, falling back to 1 default profile: "default"
2025-09-10T00:54:16.443-06:00  INFO 17184 --- [version_java] [restartedMain] .e.DevToolsPropertyDefaultsPostProcessor : Devtools property defaults active! Set 'spring.devtools.add-properties' to 'false' to disable
2025-09-10T00:54:16.443-06:00  INFO 17184 --- [version_java] [restartedMain] .e.DevToolsPropertyDefaultsPostProcessor : For additional web related logging consider setting the 'logging.level.web' property to 'DEBUG'
2025-09-10T00:54:17.679-06:00  INFO 17184 --- [version_java] [restartedMain] .s.d.r.c.RepositoryConfigurationDelegate : Bootstrapping Spring Data JPA repositories in DEFAULT mode.
2025-09-10T00:54:17.839-06:00  INFO 17184 --- [version_java] [restartedMain] .s.d.r.c.RepositoryConfigurationDelegate : Finished Spring Data repository scanning in 145 ms. Found 8 JPA repository interfaces.
2025-09-10T00:54:18.558-06:00  INFO 17184 --- [version_java] [restartedMain] o.s.b.w.embedded.tomcat.TomcatWebServer  : Tomcat initialized with port 8080 (http)
2025-09-10T00:54:18.575-06:00  INFO 17184 --- [version_java] [restartedMain] o.apache.catalina.core.StandardService   : Starting service [Tomcat]
2025-09-10T00:54:18.575-06:00  INFO 17184 --- [version_java] [restartedMain] o.apache.catalina.core.StandardEngine    : Starting Servlet engine: [Apache Tomcat/10.1.43]
2025-09-10T00:54:18.642-06:00  INFO 17184 --- [version_java] [restartedMain] o.a.c.c.C.[Tomcat].[localhost].[/]       : Initializing Spring embedded WebApplicationContext
2025-09-10T00:54:18.643-06:00  INFO 17184 --- [version_java] [restartedMain] w.s.c.ServletWebServerApplicationContext : Root WebApplicationContext: initialization completed in 2199 ms
2025-09-10T00:54:18.963-06:00  INFO 17184 --- [version_java] [restartedMain] o.hibernate.jpa.internal.util.LogHelper  : HHH000204: Processing PersistenceUnitInfo [name: default]
2025-09-10T00:54:19.024-06:00  INFO 17184 --- [version_java] [restartedMain] org.hibernate.Version                    : HHH000412: Hibernate ORM core version 6.6.22.Final
2025-09-10T00:54:19.065-06:00  INFO 17184 --- [version_java] [restartedMain] o.h.c.internal.RegionFactoryInitiator    : HHH000026: Second-level cache disabled
2025-09-10T00:54:19.396-06:00  INFO 17184 --- [version_java] [restartedMain] o.s.o.j.p.SpringPersistenceUnitInfo      : No LoadTimeWeaver setup: ignoring JPA class transformer
2025-09-10T00:54:19.428-06:00  INFO 17184 --- [version_java] [restartedMain] com.zaxxer.hikari.HikariDataSource       : HikariPool-1 - Starting...
2025-09-10T00:54:19.611-06:00  INFO 17184 --- [version_java] [restartedMain] com.zaxxer.hikari.pool.HikariPool        : HikariPool-1 - Added connection com.mysql.cj.jdbc.ConnectionImpl@7ab4695a
2025-09-10T00:54:19.614-06:00  INFO 17184 --- [version_java] [restartedMain] com.zaxxer.hikari.HikariDataSource       : HikariPool-1 - Start completed.
2025-09-10T00:54:19.663-06:00  WARN 17184 --- [version_java] [restartedMain] org.hibernate.dialect.Dialect            : HHH000511: The 5.5.5 version for [org.hibernate.dialect.MySQLDialect] is no longer supported, hence certain features may not work properly. The minimum supported version is 8.0.0. Check the community dialects project for available legacy versions.
2025-09-10T00:54:19.668-06:00  WARN 17184 --- [version_java] [restartedMain] org.hibernate.orm.deprecation            : HHH90000025: MySQLDialect does not need to be specified explicitly using 'hibernate.dialect' (remove the property setting and it will be selected by default)
2025-09-10T00:54:19.687-06:00  INFO 17184 --- [version_java] [restartedMain] org.hibernate.orm.connections.pooling    : HHH10001005: Database info:
	Database JDBC URL [Connecting through datasource 'HikariDataSource (HikariPool-1)']
	Database driver: undefined/unknown
	Database version: 5.5.5
	Autocommit mode: undefined/unknown
	Isolation level: undefined/unknown
	Minimum pool size: undefined/unknown
	Maximum pool size: undefined/unknown
2025-09-10T00:54:21.087-06:00  INFO 17184 --- [version_java] [restartedMain] o.h.e.t.j.p.i.JtaPlatformInitiator       : HHH000489: No JTA platform available (set 'hibernate.transaction.jta.platform' to enable JTA platform integration)
2025-09-10T00:54:21.239-06:00  INFO 17184 --- [version_java] [restartedMain] j.LocalContainerEntityManagerFactoryBean : Initialized JPA EntityManagerFactory for persistence unit 'default'
2025-09-10T00:54:21.949-06:00  INFO 17184 --- [version_java] [restartedMain] o.s.d.j.r.query.QueryEnhancerFactory     : Hibernate is in classpath; If applicable, HQL parser will be used.
2025-09-10T00:54:22.578-06:00  INFO 17184 --- [version_java] [restartedMain] r$InitializeUserDetailsManagerConfigurer : Global AuthenticationManager configured with UserDetailsService bean with name userDetailsServiceImpl
2025-09-10T00:54:22.722-06:00  WARN 17184 --- [version_java] [restartedMain] JpaBaseConfiguration$JpaWebConfiguration : spring.jpa.open-in-view is enabled by default. Therefore, database queries may be performed during view rendering. Explicitly configure spring.jpa.open-in-view to disable this warning
2025-09-10T00:54:23.239-06:00  INFO 17184 --- [version_java] [restartedMain] o.s.v.b.OptionalValidatorFactoryBean     : Failed to set up a Bean Validation provider: jakarta.validation.NoProviderFoundException: Unable to create a Configuration, because no Jakarta Bean Validation provider could be found. Add a provider like Hibernate Validator (RI) to your classpath.
2025-09-10T00:54:23.681-06:00  INFO 17184 --- [version_java] [restartedMain] o.s.b.d.a.OptionalLiveReloadServer       : LiveReload server is running on port 35729
2025-09-10T00:54:23.717-06:00  INFO 17184 --- [version_java] [restartedMain] o.s.b.w.embedded.tomcat.TomcatWebServer  : Tomcat started on port 8080 (http) with context path '/'
2025-09-10T00:54:23.729-06:00  INFO 17184 --- [version_java] [restartedMain] c.version_java.VersionJavaApplication    : Started VersionJavaApplication in 8.131 seconds (process running for 8.882)
2025-09-10T00:54:29.996-06:00  INFO 17184 --- [version_java] [http-nio-8080-exec-2] o.a.c.c.C.[Tomcat].[localhost].[/]       : Initializing Spring DispatcherServlet 'dispatcherServlet'
2025-09-10T00:54:29.997-06:00  INFO 17184 --- [version_java] [http-nio-8080-exec-2] o.s.web.servlet.DispatcherServlet        : Initializing Servlet 'dispatcherServlet'
2025-09-10T00:54:29.998-06:00  INFO 17184 --- [version_java] [http-nio-8080-exec-2] o.s.web.servlet.DispatcherServlet        : Completed initialization in 1 ms
2025-09-10T00:55:08.929-06:00  INFO 15464 --- [version_java] [restartedMain] c.version_java.VersionJavaApplication    : Starting VersionJavaApplication using Java 22 with PID 15464 (C:\Users\DELL\Desktop\clinica\version_java\build\classes\java\main started by DELL in C:\Users\DELL\Desktop\clinica\version_java)
2025-09-10T00:55:08.932-06:00  INFO 15464 --- [version_java] [restartedMain] c.version_java.VersionJavaApplication    : No active profile set, falling back to 1 default profile: "default"
2025-09-10T00:55:08.986-06:00  INFO 15464 --- [version_java] [restartedMain] .e.DevToolsPropertyDefaultsPostProcessor : Devtools property defaults active! Set 'spring.devtools.add-properties' to 'false' to disable
2025-09-10T00:55:08.986-06:00  INFO 15464 --- [version_java] [restartedMain] .e.DevToolsPropertyDefaultsPostProcessor : For additional web related logging consider setting the 'logging.level.web' property to 'DEBUG'
2025-09-10T00:55:10.025-06:00  INFO 15464 --- [version_java] [restartedMain] .s.d.r.c.RepositoryConfigurationDelegate : Bootstrapping Spring Data JPA repositories in DEFAULT mode.
2025-09-10T00:55:10.158-06:00  INFO 15464 --- [version_java] [restartedMain] .s.d.r.c.RepositoryConfigurationDelegate : Finished Spring Data repository scanning in 121 ms. Found 8 JPA repository interfaces.
2025-09-10T00:55:11.054-06:00  INFO 15464 --- [version_java] [restartedMain] o.s.b.w.embedded.tomcat.TomcatWebServer  : Tomcat initialized with port 8080 (http)
2025-09-10T00:55:11.075-06:00  INFO 15464 --- [version_java] [restartedMain] o.apache.catalina.core.StandardService   : Starting service [Tomcat]
2025-09-10T00:55:11.076-06:00  INFO 15464 --- [version_java] [restartedMain] o.apache.catalina.core.StandardEngine    : Starting Servlet engine: [Apache Tomcat/10.1.43]
2025-09-10T00:55:11.175-06:00  INFO 15464 --- [version_java] [restartedMain] o.a.c.c.C.[Tomcat].[localhost].[/]       : Initializing Spring embedded WebApplicationContext
2025-09-10T00:55:11.176-06:00  INFO 15464 --- [version_java] [restartedMain] w.s.c.ServletWebServerApplicationContext : Root WebApplicationContext: initialization completed in 2189 ms
2025-09-10T00:55:11.455-06:00  INFO 15464 --- [version_java] [restartedMain] o.hibernate.jpa.internal.util.LogHelper  : HHH000204: Processing PersistenceUnitInfo [name: default]
2025-09-10T00:55:11.511-06:00  INFO 15464 --- [version_java] [restartedMain] org.hibernate.Version                    : HHH000412: Hibernate ORM core version 6.6.22.Final
2025-09-10T00:55:11.554-06:00  INFO 15464 --- [version_java] [restartedMain] o.h.c.internal.RegionFactoryInitiator    : HHH000026: Second-level cache disabled
2025-09-10T00:55:11.933-06:00  INFO 15464 --- [version_java] [restartedMain] o.s.o.j.p.SpringPersistenceUnitInfo      : No LoadTimeWeaver setup: ignoring JPA class transformer
2025-09-10T00:55:11.965-06:00  INFO 15464 --- [version_java] [restartedMain] com.zaxxer.hikari.HikariDataSource       : HikariPool-1 - Starting...
2025-09-10T00:55:12.200-06:00  INFO 15464 --- [version_java] [restartedMain] com.zaxxer.hikari.pool.HikariPool        : HikariPool-1 - Added connection com.mysql.cj.jdbc.ConnectionImpl@35b0bb52
2025-09-10T00:55:12.203-06:00  INFO 15464 --- [version_java] [restartedMain] com.zaxxer.hikari.HikariDataSource       : HikariPool-1 - Start completed.
2025-09-10T00:55:12.275-06:00  WARN 15464 --- [version_java] [restartedMain] org.hibernate.dialect.Dialect            : HHH000511: The 5.5.5 version for [org.hibernate.dialect.MySQLDialect] is no longer supported, hence certain features may not work properly. The minimum supported version is 8.0.0. Check the community dialects project for available legacy versions.
2025-09-10T00:55:12.281-06:00  WARN 15464 --- [version_java] [restartedMain] org.hibernate.orm.deprecation            : HHH90000025: MySQLDialect does not need to be specified explicitly using 'hibernate.dialect' (remove the property setting and it will be selected by default)
2025-09-10T00:55:12.313-06:00  INFO 15464 --- [version_java] [restartedMain] org.hibernate.orm.connections.pooling    : HHH10001005: Database info:
	Database JDBC URL [Connecting through datasource 'HikariDataSource (HikariPool-1)']
	Database driver: undefined/unknown
	Database version: 5.5.5
	Autocommit mode: undefined/unknown
	Isolation level: undefined/unknown
	Minimum pool size: undefined/unknown
	Maximum pool size: undefined/unknown
2025-09-10T00:55:13.605-06:00  INFO 15464 --- [version_java] [restartedMain] o.h.e.t.j.p.i.JtaPlatformInitiator       : HHH000489: No JTA platform available (set 'hibernate.transaction.jta.platform' to enable JTA platform integration)
2025-09-10T00:55:13.739-06:00  INFO 15464 --- [version_java] [restartedMain] j.LocalContainerEntityManagerFactoryBean : Initialized JPA EntityManagerFactory for persistence unit 'default'
2025-09-10T00:55:14.397-06:00  INFO 15464 --- [version_java] [restartedMain] o.s.d.j.r.query.QueryEnhancerFactory     : Hibernate is in classpath; If applicable, HQL parser will be used.
2025-09-10T00:55:15.038-06:00  INFO 15464 --- [version_java] [restartedMain] r$InitializeUserDetailsManagerConfigurer : Global AuthenticationManager configured with UserDetailsService bean with name userDetailsServiceImpl
2025-09-10T00:55:15.174-06:00  WARN 15464 --- [version_java] [restartedMain] JpaBaseConfiguration$JpaWebConfiguration : spring.jpa.open-in-view is enabled by default. Therefore, database queries may be performed during view rendering. Explicitly configure spring.jpa.open-in-view to disable this warning
2025-09-10T00:55:15.782-06:00  INFO 15464 --- [version_java] [restartedMain] o.s.v.b.OptionalValidatorFactoryBean     : Failed to set up a Bean Validation provider: jakarta.validation.NoProviderFoundException: Unable to create a Configuration, because no Jakarta Bean Validation provider could be found. Add a provider like Hibernate Validator (RI) to your classpath.
2025-09-10T00:55:16.112-06:00  INFO 15464 --- [version_java] [restartedMain] o.s.b.d.a.OptionalLiveReloadServer       : LiveReload server is running on port 35729
2025-09-10T00:55:16.153-06:00  INFO 15464 --- [version_java] [restartedMain] o.s.b.w.embedded.tomcat.TomcatWebServer  : Tomcat started on port 8080 (http) with context path '/'
2025-09-10T00:55:16.166-06:00  INFO 15464 --- [version_java] [restartedMain] c.version_java.VersionJavaApplication    : Started VersionJavaApplication in 7.886 seconds (process running for 8.418)
2025-09-10T00:55:20.015-06:00  INFO 15464 --- [version_java] [http-nio-8080-exec-1] o.a.c.c.C.[Tomcat].[localhost].[/]       : Initializing Spring DispatcherServlet 'dispatcherServlet'
2025-09-10T00:55:20.016-06:00  INFO 15464 --- [version_java] [http-nio-8080-exec-1] o.s.web.servlet.DispatcherServlet        : Initializing Servlet 'dispatcherServlet'
2025-09-10T00:55:20.018-06:00  INFO 15464 --- [version_java] [http-nio-8080-exec-1] o.s.web.servlet.DispatcherServlet        : Completed initialization in 1 ms
2025-09-10T00:56:02.771-06:00  INFO 2096 --- [version_java] [restartedMain] c.version_java.VersionJavaApplication    : Starting VersionJavaApplication using Java 22 with PID 2096 (C:\Users\DELL\Desktop\clinica\version_java\build\classes\java\main started by DELL in C:\Users\DELL\Desktop\clinica\version_java)
2025-09-10T00:56:02.774-06:00  INFO 2096 --- [version_java] [restartedMain] c.version_java.VersionJavaApplication    : No active profile set, falling back to 1 default profile: "default"
2025-09-10T00:56:02.841-06:00  INFO 2096 --- [version_java] [restartedMain] .e.DevToolsPropertyDefaultsPostProcessor : Devtools property defaults active! Set 'spring.devtools.add-properties' to 'false' to disable
2025-09-10T00:56:02.842-06:00  INFO 2096 --- [version_java] [restartedMain] .e.DevToolsPropertyDefaultsPostProcessor : For additional web related logging consider setting the 'logging.level.web' property to 'DEBUG'
2025-09-10T00:56:04.146-06:00  INFO 2096 --- [version_java] [restartedMain] .s.d.r.c.RepositoryConfigurationDelegate : Bootstrapping Spring Data JPA repositories in DEFAULT mode.
2025-09-10T00:56:04.318-06:00  INFO 2096 --- [version_java] [restartedMain] .s.d.r.c.RepositoryConfigurationDelegate : Finished Spring Data repository scanning in 135 ms. Found 8 JPA repository interfaces.
2025-09-10T00:56:05.329-06:00  INFO 2096 --- [version_java] [restartedMain] o.s.b.w.embedded.tomcat.TomcatWebServer  : Tomcat initialized with port 8080 (http)
2025-09-10T00:56:05.358-06:00  INFO 2096 --- [version_java] [restartedMain] o.apache.catalina.core.StandardService   : Starting service [Tomcat]
2025-09-10T00:56:05.359-06:00  INFO 2096 --- [version_java] [restartedMain] o.apache.catalina.core.StandardEngine    : Starting Servlet engine: [Apache Tomcat/10.1.43]
2025-09-10T00:56:05.503-06:00  INFO 2096 --- [version_java] [restartedMain] o.a.c.c.C.[Tomcat].[localhost].[/]       : Initializing Spring embedded WebApplicationContext
2025-09-10T00:56:05.538-06:00  INFO 2096 --- [version_java] [restartedMain] w.s.c.ServletWebServerApplicationContext : Root WebApplicationContext: initialization completed in 2694 ms
2025-09-10T00:56:05.805-06:00  INFO 2096 --- [version_java] [restartedMain] o.hibernate.jpa.internal.util.LogHelper  : HHH000204: Processing PersistenceUnitInfo [name: default]
2025-09-10T00:56:05.861-06:00  INFO 2096 --- [version_java] [restartedMain] org.hibernate.Version                    : HHH000412: Hibernate ORM core version 6.6.22.Final
2025-09-10T00:56:05.899-06:00  INFO 2096 --- [version_java] [restartedMain] o.h.c.internal.RegionFactoryInitiator    : HHH000026: Second-level cache disabled
2025-09-10T00:56:06.256-06:00  INFO 2096 --- [version_java] [restartedMain] o.s.o.j.p.SpringPersistenceUnitInfo      : No LoadTimeWeaver setup: ignoring JPA class transformer
2025-09-10T00:56:06.289-06:00  INFO 2096 --- [version_java] [restartedMain] com.zaxxer.hikari.HikariDataSource       : HikariPool-1 - Starting...
2025-09-10T00:56:06.475-06:00  INFO 2096 --- [version_java] [restartedMain] com.zaxxer.hikari.pool.HikariPool        : HikariPool-1 - Added connection com.mysql.cj.jdbc.ConnectionImpl@383335a8
2025-09-10T00:56:06.477-06:00  INFO 2096 --- [version_java] [restartedMain] com.zaxxer.hikari.HikariDataSource       : HikariPool-1 - Start completed.
2025-09-10T00:56:06.525-06:00  WARN 2096 --- [version_java] [restartedMain] org.hibernate.dialect.Dialect            : HHH000511: The 5.5.5 version for [org.hibernate.dialect.MySQLDialect] is no longer supported, hence certain features may not work properly. The minimum supported version is 8.0.0. Check the community dialects project for available legacy versions.
2025-09-10T00:56:06.531-06:00  WARN 2096 --- [version_java] [restartedMain] org.hibernate.orm.deprecation            : HHH90000025: MySQLDialect does not need to be specified explicitly using 'hibernate.dialect' (remove the property setting and it will be selected by default)
2025-09-10T00:56:06.555-06:00  INFO 2096 --- [version_java] [restartedMain] org.hibernate.orm.connections.pooling    : HHH10001005: Database info:
	Database JDBC URL [Connecting through datasource 'HikariDataSource (HikariPool-1)']
	Database driver: undefined/unknown
	Database version: 5.5.5
	Autocommit mode: undefined/unknown
	Isolation level: undefined/unknown
	Minimum pool size: undefined/unknown
	Maximum pool size: undefined/unknown
2025-09-10T00:56:07.708-06:00  INFO 2096 --- [version_java] [restartedMain] o.h.e.t.j.p.i.JtaPlatformInitiator       : HHH000489: No JTA platform available (set 'hibernate.transaction.jta.platform' to enable JTA platform integration)
2025-09-10T00:56:07.869-06:00  INFO 2096 --- [version_java] [restartedMain] j.LocalContainerEntityManagerFactoryBean : Initialized JPA EntityManagerFactory for persistence unit 'default'
2025-09-10T00:56:08.598-06:00  INFO 2096 --- [version_java] [restartedMain] o.s.d.j.r.query.QueryEnhancerFactory     : Hibernate is in classpath; If applicable, HQL parser will be used.
2025-09-10T00:56:09.735-06:00  INFO 2096 --- [version_java] [restartedMain] r$InitializeUserDetailsManagerConfigurer : Global AuthenticationManager configured with UserDetailsService bean with name userDetailsServiceImpl
2025-09-10T00:56:09.885-06:00  WARN 2096 --- [version_java] [restartedMain] JpaBaseConfiguration$JpaWebConfiguration : spring.jpa.open-in-view is enabled by default. Therefore, database queries may be performed during view rendering. Explicitly configure spring.jpa.open-in-view to disable this warning
2025-09-10T00:56:10.925-06:00  INFO 2096 --- [version_java] [restartedMain] o.s.v.b.OptionalValidatorFactoryBean     : Failed to set up a Bean Validation provider: jakarta.validation.NoProviderFoundException: Unable to create a Configuration, because no Jakarta Bean Validation provider could be found. Add a provider like Hibernate Validator (RI) to your classpath.
2025-09-10T00:56:11.387-06:00  INFO 2096 --- [version_java] [restartedMain] o.s.b.d.a.OptionalLiveReloadServer       : LiveReload server is running on port 35729
2025-09-10T00:56:11.435-06:00  INFO 2096 --- [version_java] [restartedMain] o.s.b.w.embedded.tomcat.TomcatWebServer  : Tomcat started on port 8080 (http) with context path '/'
2025-09-10T00:56:11.448-06:00  INFO 2096 --- [version_java] [restartedMain] c.version_java.VersionJavaApplication    : Started VersionJavaApplication in 9.399 seconds (process running for 10.045)
2025-09-10T00:56:20.141-06:00  INFO 2096 --- [version_java] [http-nio-8080-exec-2] o.a.c.c.C.[Tomcat].[localhost].[/]       : Initializing Spring DispatcherServlet 'dispatcherServlet'
2025-09-10T00:56:20.141-06:00  INFO 2096 --- [version_java] [http-nio-8080-exec-2] o.s.web.servlet.DispatcherServlet        : Initializing Servlet 'dispatcherServlet'
2025-09-10T00:56:20.143-06:00  INFO 2096 --- [version_java] [http-nio-8080-exec-2] o.s.web.servlet.DispatcherServlet        : Completed initialization in 2 ms
2025-09-10T01:14:03.029-06:00  INFO 16596 --- [version_java] [restartedMain] c.version_java.VersionJavaApplication    : Starting VersionJavaApplication using Java 22 with PID 16596 (C:\Users\DELL\Desktop\clinica\version_java\build\classes\java\main started by DELL in C:\Users\DELL\Desktop\clinica\version_java)
2025-09-10T01:14:03.032-06:00  INFO 16596 --- [version_java] [restartedMain] c.version_java.VersionJavaApplication    : No active profile set, falling back to 1 default profile: "default"
2025-09-10T01:14:03.090-06:00  INFO 16596 --- [version_java] [restartedMain] .e.DevToolsPropertyDefaultsPostProcessor : Devtools property defaults active! Set 'spring.devtools.add-properties' to 'false' to disable
2025-09-10T01:14:03.090-06:00  INFO 16596 --- [version_java] [restartedMain] .e.DevToolsPropertyDefaultsPostProcessor : For additional web related logging consider setting the 'logging.level.web' property to 'DEBUG'
2025-09-10T01:14:04.213-06:00  INFO 16596 --- [version_java] [restartedMain] .s.d.r.c.RepositoryConfigurationDelegate : Bootstrapping Spring Data JPA repositories in DEFAULT mode.
2025-09-10T01:14:04.356-06:00  INFO 16596 --- [version_java] [restartedMain] .s.d.r.c.RepositoryConfigurationDelegate : Finished Spring Data repository scanning in 131 ms. Found 8 JPA repository interfaces.
2025-09-10T01:14:05.108-06:00  INFO 16596 --- [version_java] [restartedMain] o.s.b.w.embedded.tomcat.TomcatWebServer  : Tomcat initialized with port 8080 (http)
2025-09-10T01:14:05.126-06:00  INFO 16596 --- [version_java] [restartedMain] o.apache.catalina.core.StandardService   : Starting service [Tomcat]
2025-09-10T01:14:05.126-06:00  INFO 16596 --- [version_java] [restartedMain] o.apache.catalina.core.StandardEngine    : Starting Servlet engine: [Apache Tomcat/10.1.43]
2025-09-10T01:14:05.183-06:00  INFO 16596 --- [version_java] [restartedMain] o.a.c.c.C.[Tomcat].[localhost].[/]       : Initializing Spring embedded WebApplicationContext
2025-09-10T01:14:05.183-06:00  INFO 16596 --- [version_java] [restartedMain] w.s.c.ServletWebServerApplicationContext : Root WebApplicationContext: initialization completed in 2092 ms
2025-09-10T01:14:05.370-06:00  INFO 16596 --- [version_java] [restartedMain] o.hibernate.jpa.internal.util.LogHelper  : HHH000204: Processing PersistenceUnitInfo [name: default]
2025-09-10T01:14:05.436-06:00  INFO 16596 --- [version_java] [restartedMain] org.hibernate.Version                    : HHH000412: Hibernate ORM core version 6.6.22.Final
2025-09-10T01:14:05.480-06:00  INFO 16596 --- [version_java] [restartedMain] o.h.c.internal.RegionFactoryInitiator    : HHH000026: Second-level cache disabled
2025-09-10T01:14:05.823-06:00  INFO 16596 --- [version_java] [restartedMain] o.s.o.j.p.SpringPersistenceUnitInfo      : No LoadTimeWeaver setup: ignoring JPA class transformer
2025-09-10T01:14:05.857-06:00  INFO 16596 --- [version_java] [restartedMain] com.zaxxer.hikari.HikariDataSource       : HikariPool-1 - Starting...
2025-09-10T01:14:06.047-06:00  INFO 16596 --- [version_java] [restartedMain] com.zaxxer.hikari.pool.HikariPool        : HikariPool-1 - Added connection com.mysql.cj.jdbc.ConnectionImpl@46637ece
2025-09-10T01:14:06.050-06:00  INFO 16596 --- [version_java] [restartedMain] com.zaxxer.hikari.HikariDataSource       : HikariPool-1 - Start completed.
2025-09-10T01:14:06.093-06:00  WARN 16596 --- [version_java] [restartedMain] org.hibernate.dialect.Dialect            : HHH000511: The 5.5.5 version for [org.hibernate.dialect.MySQLDialect] is no longer supported, hence certain features may not work properly. The minimum supported version is 8.0.0. Check the community dialects project for available legacy versions.
2025-09-10T01:14:06.098-06:00  WARN 16596 --- [version_java] [restartedMain] org.hibernate.orm.deprecation            : HHH90000025: MySQLDialect does not need to be specified explicitly using 'hibernate.dialect' (remove the property setting and it will be selected by default)
2025-09-10T01:14:06.116-06:00  INFO 16596 --- [version_java] [restartedMain] org.hibernate.orm.connections.pooling    : HHH10001005: Database info:
	Database JDBC URL [Connecting through datasource 'HikariDataSource (HikariPool-1)']
	Database driver: undefined/unknown
	Database version: 5.5.5
	Autocommit mode: undefined/unknown
	Isolation level: undefined/unknown
	Minimum pool size: undefined/unknown
	Maximum pool size: undefined/unknown
2025-09-10T01:14:07.751-06:00  INFO 16596 --- [version_java] [restartedMain] o.h.e.t.j.p.i.JtaPlatformInitiator       : HHH000489: No JTA platform available (set 'hibernate.transaction.jta.platform' to enable JTA platform integration)
2025-09-10T01:14:08.007-06:00  INFO 16596 --- [version_java] [restartedMain] j.LocalContainerEntityManagerFactoryBean : Initialized JPA EntityManagerFactory for persistence unit 'default'
2025-09-10T01:14:08.733-06:00  INFO 16596 --- [version_java] [restartedMain] o.s.d.j.r.query.QueryEnhancerFactory     : Hibernate is in classpath; If applicable, HQL parser will be used.
2025-09-10T01:14:09.471-06:00  INFO 16596 --- [version_java] [restartedMain] r$InitializeUserDetailsManagerConfigurer : Global AuthenticationManager configured with UserDetailsService bean with name userDetailsServiceImpl
2025-09-10T01:14:09.622-06:00  WARN 16596 --- [version_java] [restartedMain] JpaBaseConfiguration$JpaWebConfiguration : spring.jpa.open-in-view is enabled by default. Therefore, database queries may be performed during view rendering. Explicitly configure spring.jpa.open-in-view to disable this warning
2025-09-10T01:14:10.183-06:00  INFO 16596 --- [version_java] [restartedMain] o.s.v.b.OptionalValidatorFactoryBean     : Failed to set up a Bean Validation provider: jakarta.validation.NoProviderFoundException: Unable to create a Configuration, because no Jakarta Bean Validation provider could be found. Add a provider like Hibernate Validator (RI) to your classpath.
2025-09-10T01:14:10.654-06:00  INFO 16596 --- [version_java] [restartedMain] o.s.b.d.a.OptionalLiveReloadServer       : LiveReload server is running on port 35729
2025-09-10T01:14:10.718-06:00  INFO 16596 --- [version_java] [restartedMain] o.s.b.w.embedded.tomcat.TomcatWebServer  : Tomcat started on port 8080 (http) with context path '/'
2025-09-10T01:14:10.736-06:00  INFO 16596 --- [version_java] [restartedMain] c.version_java.VersionJavaApplication    : Started VersionJavaApplication in 8.407 seconds (process running for 9.318)
2025-09-10T01:15:30.773-06:00  INFO 8320 --- [version_java] [restartedMain] c.version_java.VersionJavaApplication    : Starting VersionJavaApplication using Java 22 with PID 8320 (C:\Users\DELL\Desktop\clinica\version_java\build\classes\java\main started by DELL in C:\Users\DELL\Desktop\clinica\version_java)
2025-09-10T01:15:30.776-06:00  INFO 8320 --- [version_java] [restartedMain] c.version_java.VersionJavaApplication    : No active profile set, falling back to 1 default profile: "default"
2025-09-10T01:15:30.839-06:00  INFO 8320 --- [version_java] [restartedMain] .e.DevToolsPropertyDefaultsPostProcessor : Devtools property defaults active! Set 'spring.devtools.add-properties' to 'false' to disable
2025-09-10T01:15:30.839-06:00  INFO 8320 --- [version_java] [restartedMain] .e.DevToolsPropertyDefaultsPostProcessor : For additional web related logging consider setting the 'logging.level.web' property to 'DEBUG'
2025-09-10T01:15:32.051-06:00  INFO 8320 --- [version_java] [restartedMain] .s.d.r.c.RepositoryConfigurationDelegate : Bootstrapping Spring Data JPA repositories in DEFAULT mode.
2025-09-10T01:15:32.209-06:00  INFO 8320 --- [version_java] [restartedMain] .s.d.r.c.RepositoryConfigurationDelegate : Finished Spring Data repository scanning in 144 ms. Found 8 JPA repository interfaces.
2025-09-10T01:15:33.245-06:00  INFO 8320 --- [version_java] [restartedMain] o.s.b.w.embedded.tomcat.TomcatWebServer  : Tomcat initialized with port 8080 (http)
2025-09-10T01:15:33.268-06:00  INFO 8320 --- [version_java] [restartedMain] o.apache.catalina.core.StandardService   : Starting service [Tomcat]
2025-09-10T01:15:33.268-06:00  INFO 8320 --- [version_java] [restartedMain] o.apache.catalina.core.StandardEngine    : Starting Servlet engine: [Apache Tomcat/10.1.43]
2025-09-10T01:15:33.341-06:00  INFO 8320 --- [version_java] [restartedMain] o.a.c.c.C.[Tomcat].[localhost].[/]       : Initializing Spring embedded WebApplicationContext
2025-09-10T01:15:33.342-06:00  INFO 8320 --- [version_java] [restartedMain] w.s.c.ServletWebServerApplicationContext : Root WebApplicationContext: initialization completed in 2502 ms
2025-09-10T01:15:33.588-06:00  INFO 8320 --- [version_java] [restartedMain] o.hibernate.jpa.internal.util.LogHelper  : HHH000204: Processing PersistenceUnitInfo [name: default]
2025-09-10T01:15:33.660-06:00  INFO 8320 --- [version_java] [restartedMain] org.hibernate.Version                    : HHH000412: Hibernate ORM core version 6.6.22.Final
2025-09-10T01:15:33.710-06:00  INFO 8320 --- [version_java] [restartedMain] o.h.c.internal.RegionFactoryInitiator    : HHH000026: Second-level cache disabled
2025-09-10T01:15:34.163-06:00  INFO 8320 --- [version_java] [restartedMain] o.s.o.j.p.SpringPersistenceUnitInfo      : No LoadTimeWeaver setup: ignoring JPA class transformer
2025-09-10T01:15:34.202-06:00  INFO 8320 --- [version_java] [restartedMain] com.zaxxer.hikari.HikariDataSource       : HikariPool-1 - Starting...
2025-09-10T01:15:34.438-06:00  INFO 8320 --- [version_java] [restartedMain] com.zaxxer.hikari.pool.HikariPool        : HikariPool-1 - Added connection com.mysql.cj.jdbc.ConnectionImpl@1bf33f73
2025-09-10T01:15:34.441-06:00  INFO 8320 --- [version_java] [restartedMain] com.zaxxer.hikari.HikariDataSource       : HikariPool-1 - Start completed.
2025-09-10T01:15:34.505-06:00  WARN 8320 --- [version_java] [restartedMain] org.hibernate.dialect.Dialect            : HHH000511: The 5.5.5 version for [org.hibernate.dialect.MySQLDialect] is no longer supported, hence certain features may not work properly. The minimum supported version is 8.0.0. Check the community dialects project for available legacy versions.
2025-09-10T01:15:34.511-06:00  WARN 8320 --- [version_java] [restartedMain] org.hibernate.orm.deprecation            : HHH90000025: MySQLDialect does not need to be specified explicitly using 'hibernate.dialect' (remove the property setting and it will be selected by default)
2025-09-10T01:15:34.546-06:00  INFO 8320 --- [version_java] [restartedMain] org.hibernate.orm.connections.pooling    : HHH10001005: Database info:
	Database JDBC URL [Connecting through datasource 'HikariDataSource (HikariPool-1)']
	Database driver: undefined/unknown
	Database version: 5.5.5
	Autocommit mode: undefined/unknown
	Isolation level: undefined/unknown
	Minimum pool size: undefined/unknown
	Maximum pool size: undefined/unknown
2025-09-10T01:15:36.239-06:00  INFO 8320 --- [version_java] [restartedMain] o.h.e.t.j.p.i.JtaPlatformInitiator       : HHH000489: No JTA platform available (set 'hibernate.transaction.jta.platform' to enable JTA platform integration)
2025-09-10T01:15:36.432-06:00  INFO 8320 --- [version_java] [restartedMain] j.LocalContainerEntityManagerFactoryBean : Initialized JPA EntityManagerFactory for persistence unit 'default'
2025-09-10T01:15:37.339-06:00  INFO 8320 --- [version_java] [restartedMain] o.s.d.j.r.query.QueryEnhancerFactory     : Hibernate is in classpath; If applicable, HQL parser will be used.
2025-09-10T01:15:38.345-06:00  INFO 8320 --- [version_java] [restartedMain] r$InitializeUserDetailsManagerConfigurer : Global AuthenticationManager configured with UserDetailsService bean with name userDetailsServiceImpl
2025-09-10T01:15:38.527-06:00  WARN 8320 --- [version_java] [restartedMain] JpaBaseConfiguration$JpaWebConfiguration : spring.jpa.open-in-view is enabled by default. Therefore, database queries may be performed during view rendering. Explicitly configure spring.jpa.open-in-view to disable this warning
2025-09-10T01:15:39.262-06:00  INFO 8320 --- [version_java] [restartedMain] o.s.v.b.OptionalValidatorFactoryBean     : Failed to set up a Bean Validation provider: jakarta.validation.NoProviderFoundException: Unable to create a Configuration, because no Jakarta Bean Validation provider could be found. Add a provider like Hibernate Validator (RI) to your classpath.
2025-09-10T01:15:39.800-06:00  INFO 8320 --- [version_java] [restartedMain] o.s.b.d.a.OptionalLiveReloadServer       : LiveReload server is running on port 35729
2025-09-10T01:15:39.898-06:00  INFO 8320 --- [version_java] [restartedMain] o.s.b.w.embedded.tomcat.TomcatWebServer  : Tomcat started on port 8080 (http) with context path '/'
2025-09-10T01:15:39.945-06:00  INFO 8320 --- [version_java] [restartedMain] c.version_java.VersionJavaApplication    : Started VersionJavaApplication in 9.994 seconds (process running for 10.648)
2025-09-10T01:16:26.565-06:00  INFO 8320 --- [version_java] [http-nio-8080-exec-1] o.a.c.c.C.[Tomcat].[localhost].[/]       : Initializing Spring DispatcherServlet 'dispatcherServlet'
2025-09-10T01:16:26.565-06:00  INFO 8320 --- [version_java] [http-nio-8080-exec-1] o.s.web.servlet.DispatcherServlet        : Initializing Servlet 'dispatcherServlet'
2025-09-10T01:16:26.566-06:00  INFO 8320 --- [version_java] [http-nio-8080-exec-1] o.s.web.servlet.DispatcherServlet        : Completed initialization in 1 ms
2025-09-10T01:18:06.572-06:00  INFO 17380 --- [version_java] [restartedMain] c.version_java.VersionJavaApplication    : Starting VersionJavaApplication using Java 22 with PID 17380 (C:\Users\DELL\Desktop\clinica\version_java\build\classes\java\main started by DELL in C:\Users\DELL\Desktop\clinica\version_java)
2025-09-10T01:18:06.572-06:00  INFO 17380 --- [version_java] [restartedMain] c.version_java.VersionJavaApplication    : No active profile set, falling back to 1 default profile: "default"
2025-09-10T01:18:06.627-06:00  INFO 17380 --- [version_java] [restartedMain] .e.DevToolsPropertyDefaultsPostProcessor : Devtools property defaults active! Set 'spring.devtools.add-properties' to 'false' to disable
2025-09-10T01:18:06.627-06:00  INFO 17380 --- [version_java] [restartedMain] .e.DevToolsPropertyDefaultsPostProcessor : For additional web related logging consider setting the 'logging.level.web' property to 'DEBUG'
2025-09-10T01:18:08.084-06:00  INFO 17380 --- [version_java] [restartedMain] .s.d.r.c.RepositoryConfigurationDelegate : Bootstrapping Spring Data JPA repositories in DEFAULT mode.
2025-09-10T01:18:08.222-06:00  INFO 17380 --- [version_java] [restartedMain] .s.d.r.c.RepositoryConfigurationDelegate : Finished Spring Data repository scanning in 133 ms. Found 8 JPA repository interfaces.
2025-09-10T01:18:08.927-06:00  INFO 17380 --- [version_java] [restartedMain] o.s.b.w.embedded.tomcat.TomcatWebServer  : Tomcat initialized with port 8080 (http)
2025-09-10T01:18:08.957-06:00  INFO 17380 --- [version_java] [restartedMain] o.apache.catalina.core.StandardService   : Starting service [Tomcat]
2025-09-10T01:18:08.958-06:00  INFO 17380 --- [version_java] [restartedMain] o.apache.catalina.core.StandardEngine    : Starting Servlet engine: [Apache Tomcat/10.1.43]
2025-09-10T01:18:09.010-06:00  INFO 17380 --- [version_java] [restartedMain] o.a.c.c.C.[Tomcat].[localhost].[/]       : Initializing Spring embedded WebApplicationContext
2025-09-10T01:18:09.010-06:00  INFO 17380 --- [version_java] [restartedMain] w.s.c.ServletWebServerApplicationContext : Root WebApplicationContext: initialization completed in 2383 ms
2025-09-10T01:18:09.199-06:00  INFO 17380 --- [version_java] [restartedMain] o.hibernate.jpa.internal.util.LogHelper  : HHH000204: Processing PersistenceUnitInfo [name: default]
2025-09-10T01:18:09.266-06:00  INFO 17380 --- [version_java] [restartedMain] org.hibernate.Version                    : HHH000412: Hibernate ORM core version 6.6.22.Final
2025-09-10T01:18:09.310-06:00  INFO 17380 --- [version_java] [restartedMain] o.h.c.internal.RegionFactoryInitiator    : HHH000026: Second-level cache disabled
2025-09-10T01:18:09.660-06:00  INFO 17380 --- [version_java] [restartedMain] o.s.o.j.p.SpringPersistenceUnitInfo      : No LoadTimeWeaver setup: ignoring JPA class transformer
2025-09-10T01:18:09.714-06:00  INFO 17380 --- [version_java] [restartedMain] com.zaxxer.hikari.HikariDataSource       : HikariPool-1 - Starting...
2025-09-10T01:18:09.926-06:00  INFO 17380 --- [version_java] [restartedMain] com.zaxxer.hikari.pool.HikariPool        : HikariPool-1 - Added connection com.mysql.cj.jdbc.ConnectionImpl@46637ece
2025-09-10T01:18:09.927-06:00  INFO 17380 --- [version_java] [restartedMain] com.zaxxer.hikari.HikariDataSource       : HikariPool-1 - Start completed.
2025-09-10T01:18:09.959-06:00  WARN 17380 --- [version_java] [restartedMain] org.hibernate.dialect.Dialect            : HHH000511: The 5.5.5 version for [org.hibernate.dialect.MySQLDialect] is no longer supported, hence certain features may not work properly. The minimum supported version is 8.0.0. Check the community dialects project for available legacy versions.
2025-09-10T01:18:09.975-06:00  WARN 17380 --- [version_java] [restartedMain] org.hibernate.orm.deprecation            : HHH90000025: MySQLDialect does not need to be specified explicitly using 'hibernate.dialect' (remove the property setting and it will be selected by default)
2025-09-10T01:18:09.990-06:00  INFO 17380 --- [version_java] [restartedMain] org.hibernate.orm.connections.pooling    : HHH10001005: Database info:
	Database JDBC URL [Connecting through datasource 'HikariDataSource (HikariPool-1)']
	Database driver: undefined/unknown
	Database version: 5.5.5
	Autocommit mode: undefined/unknown
	Isolation level: undefined/unknown
	Minimum pool size: undefined/unknown
	Maximum pool size: undefined/unknown
2025-09-10T01:18:11.177-06:00  INFO 17380 --- [version_java] [restartedMain] o.h.e.t.j.p.i.JtaPlatformInitiator       : HHH000489: No JTA platform available (set 'hibernate.transaction.jta.platform' to enable JTA platform integration)
2025-09-10T01:18:11.319-06:00  INFO 17380 --- [version_java] [restartedMain] j.LocalContainerEntityManagerFactoryBean : Initialized JPA EntityManagerFactory for persistence unit 'default'
2025-09-10T01:18:11.926-06:00  INFO 17380 --- [version_java] [restartedMain] o.s.d.j.r.query.QueryEnhancerFactory     : Hibernate is in classpath; If applicable, HQL parser will be used.
2025-09-10T01:18:12.728-06:00  INFO 17380 --- [version_java] [restartedMain] r$InitializeUserDetailsManagerConfigurer : Global AuthenticationManager configured with UserDetailsService bean with name userDetailsServiceImpl
2025-09-10T01:18:12.873-06:00  WARN 17380 --- [version_java] [restartedMain] JpaBaseConfiguration$JpaWebConfiguration : spring.jpa.open-in-view is enabled by default. Therefore, database queries may be performed during view rendering. Explicitly configure spring.jpa.open-in-view to disable this warning
2025-09-10T01:18:13.343-06:00  INFO 17380 --- [version_java] [restartedMain] o.s.v.b.OptionalValidatorFactoryBean     : Failed to set up a Bean Validation provider: jakarta.validation.NoProviderFoundException: Unable to create a Configuration, because no Jakarta Bean Validation provider could be found. Add a provider like Hibernate Validator (RI) to your classpath.
2025-09-10T01:18:13.734-06:00  INFO 17380 --- [version_java] [restartedMain] o.s.b.d.a.OptionalLiveReloadServer       : LiveReload server is running on port 35729
2025-09-10T01:18:13.775-06:00  INFO 17380 --- [version_java] [restartedMain] o.s.b.w.embedded.tomcat.TomcatWebServer  : Tomcat started on port 8080 (http) with context path '/'
2025-09-10T01:18:13.785-06:00  INFO 17380 --- [version_java] [restartedMain] c.version_java.VersionJavaApplication    : Started VersionJavaApplication in 7.921 seconds (process running for 8.61)
2025-09-10T01:18:16.940-06:00  INFO 17380 --- [version_java] [http-nio-8080-exec-1] o.a.c.c.C.[Tomcat].[localhost].[/]       : Initializing Spring DispatcherServlet 'dispatcherServlet'
2025-09-10T01:18:16.941-06:00  INFO 17380 --- [version_java] [http-nio-8080-exec-1] o.s.web.servlet.DispatcherServlet        : Initializing Servlet 'dispatcherServlet'
2025-09-10T01:18:16.942-06:00  INFO 17380 --- [version_java] [http-nio-8080-exec-1] o.s.web.servlet.DispatcherServlet        : Completed initialization in 1 ms
2025-09-10T01:20:44.279-06:00  INFO 2788 --- [version_java] [restartedMain] c.version_java.VersionJavaApplication    : Starting VersionJavaApplication using Java 22 with PID 2788 (C:\Users\DELL\Desktop\clinica\version_java\build\classes\java\main started by DELL in C:\Users\DELL\Desktop\clinica\version_java)
2025-09-10T01:20:44.282-06:00  INFO 2788 --- [version_java] [restartedMain] c.version_java.VersionJavaApplication    : No active profile set, falling back to 1 default profile: "default"
2025-09-10T01:20:44.347-06:00  INFO 2788 --- [version_java] [restartedMain] .e.DevToolsPropertyDefaultsPostProcessor : Devtools property defaults active! Set 'spring.devtools.add-properties' to 'false' to disable
2025-09-10T01:20:44.347-06:00  INFO 2788 --- [version_java] [restartedMain] .e.DevToolsPropertyDefaultsPostProcessor : For additional web related logging consider setting the 'logging.level.web' property to 'DEBUG'
2025-09-10T01:20:45.831-06:00  INFO 2788 --- [version_java] [restartedMain] .s.d.r.c.RepositoryConfigurationDelegate : Bootstrapping Spring Data JPA repositories in DEFAULT mode.
2025-09-10T01:20:45.956-06:00  INFO 2788 --- [version_java] [restartedMain] .s.d.r.c.RepositoryConfigurationDelegate : Finished Spring Data repository scanning in 120 ms. Found 8 JPA repository interfaces.
2025-09-10T01:20:46.847-06:00  INFO 2788 --- [version_java] [restartedMain] o.s.b.w.embedded.tomcat.TomcatWebServer  : Tomcat initialized with port 8080 (http)
2025-09-10T01:20:46.879-06:00  INFO 2788 --- [version_java] [restartedMain] o.apache.catalina.core.StandardService   : Starting service [Tomcat]
2025-09-10T01:20:46.879-06:00  INFO 2788 --- [version_java] [restartedMain] o.apache.catalina.core.StandardEngine    : Starting Servlet engine: [Apache Tomcat/10.1.43]
2025-09-10T01:20:46.954-06:00  INFO 2788 --- [version_java] [restartedMain] o.a.c.c.C.[Tomcat].[localhost].[/]       : Initializing Spring embedded WebApplicationContext
2025-09-10T01:20:46.954-06:00  INFO 2788 --- [version_java] [restartedMain] w.s.c.ServletWebServerApplicationContext : Root WebApplicationContext: initialization completed in 2606 ms
2025-09-10T01:20:47.281-06:00  INFO 2788 --- [version_java] [restartedMain] o.hibernate.jpa.internal.util.LogHelper  : HHH000204: Processing PersistenceUnitInfo [name: default]
2025-09-10T01:20:47.402-06:00  INFO 2788 --- [version_java] [restartedMain] org.hibernate.Version                    : HHH000412: Hibernate ORM core version 6.6.22.Final
2025-09-10T01:20:47.476-06:00  INFO 2788 --- [version_java] [restartedMain] o.h.c.internal.RegionFactoryInitiator    : HHH000026: Second-level cache disabled
2025-09-10T01:20:48.184-06:00  INFO 2788 --- [version_java] [restartedMain] o.s.o.j.p.SpringPersistenceUnitInfo      : No LoadTimeWeaver setup: ignoring JPA class transformer
2025-09-10T01:20:48.276-06:00  INFO 2788 --- [version_java] [restartedMain] com.zaxxer.hikari.HikariDataSource       : HikariPool-1 - Starting...
2025-09-10T01:20:48.686-06:00  INFO 2788 --- [version_java] [restartedMain] com.zaxxer.hikari.pool.HikariPool        : HikariPool-1 - Added connection com.mysql.cj.jdbc.ConnectionImpl@4d7064c0
2025-09-10T01:20:48.688-06:00  INFO 2788 --- [version_java] [restartedMain] com.zaxxer.hikari.HikariDataSource       : HikariPool-1 - Start completed.
2025-09-10T01:20:48.722-06:00  WARN 2788 --- [version_java] [restartedMain] org.hibernate.dialect.Dialect            : HHH000511: The 5.5.5 version for [org.hibernate.dialect.MySQLDialect] is no longer supported, hence certain features may not work properly. The minimum supported version is 8.0.0. Check the community dialects project for available legacy versions.
2025-09-10T01:20:48.737-06:00  WARN 2788 --- [version_java] [restartedMain] org.hibernate.orm.deprecation            : HHH90000025: MySQLDialect does not need to be specified explicitly using 'hibernate.dialect' (remove the property setting and it will be selected by default)
2025-09-10T01:20:48.753-06:00  INFO 2788 --- [version_java] [restartedMain] org.hibernate.orm.connections.pooling    : HHH10001005: Database info:
	Database JDBC URL [Connecting through datasource 'HikariDataSource (HikariPool-1)']
	Database driver: undefined/unknown
	Database version: 5.5.5
	Autocommit mode: undefined/unknown
	Isolation level: undefined/unknown
	Minimum pool size: undefined/unknown
	Maximum pool size: undefined/unknown
2025-09-10T01:20:50.279-06:00  INFO 2788 --- [version_java] [restartedMain] o.h.e.t.j.p.i.JtaPlatformInitiator       : HHH000489: No JTA platform available (set 'hibernate.transaction.jta.platform' to enable JTA platform integration)
2025-09-10T01:20:50.491-06:00  INFO 2788 --- [version_java] [restartedMain] j.LocalContainerEntityManagerFactoryBean : Initialized JPA EntityManagerFactory for persistence unit 'default'
2025-09-10T01:20:51.165-06:00  INFO 2788 --- [version_java] [restartedMain] o.s.d.j.r.query.QueryEnhancerFactory     : Hibernate is in classpath; If applicable, HQL parser will be used.
2025-09-10T01:20:51.961-06:00  INFO 2788 --- [version_java] [restartedMain] r$InitializeUserDetailsManagerConfigurer : Global AuthenticationManager configured with UserDetailsService bean with name userDetailsServiceImpl
2025-09-10T01:20:52.149-06:00  WARN 2788 --- [version_java] [restartedMain] JpaBaseConfiguration$JpaWebConfiguration : spring.jpa.open-in-view is enabled by default. Therefore, database queries may be performed during view rendering. Explicitly configure spring.jpa.open-in-view to disable this warning
2025-09-10T01:20:52.781-06:00  INFO 2788 --- [version_java] [restartedMain] o.s.v.b.OptionalValidatorFactoryBean     : Failed to set up a Bean Validation provider: jakarta.validation.NoProviderFoundException: Unable to create a Configuration, because no Jakarta Bean Validation provider could be found. Add a provider like Hibernate Validator (RI) to your classpath.
2025-09-10T01:20:53.320-06:00  INFO 2788 --- [version_java] [restartedMain] o.s.b.d.a.OptionalLiveReloadServer       : LiveReload server is running on port 35729
2025-09-10T01:20:53.364-06:00  INFO 2788 --- [version_java] [restartedMain] o.s.b.w.embedded.tomcat.TomcatWebServer  : Tomcat started on port 8080 (http) with context path '/'
2025-09-10T01:20:53.382-06:00  INFO 2788 --- [version_java] [restartedMain] c.version_java.VersionJavaApplication    : Started VersionJavaApplication in 9.878 seconds (process running for 10.732)
2025-09-10T01:21:09.244-06:00  INFO 2788 --- [version_java] [http-nio-8080-exec-1] o.a.c.c.C.[Tomcat].[localhost].[/]       : Initializing Spring DispatcherServlet 'dispatcherServlet'
2025-09-10T01:21:09.244-06:00  INFO 2788 --- [version_java] [http-nio-8080-exec-1] o.s.web.servlet.DispatcherServlet        : Initializing Servlet 'dispatcherServlet'
2025-09-10T01:21:09.246-06:00  INFO 2788 --- [version_java] [http-nio-8080-exec-1] o.s.web.servlet.DispatcherServlet        : Completed initialization in 2 ms
